allergy_alternative,antibiotic_criteria_source_ready,antibiotic_gate_id,antibiotic_gate_ready,avoid_if,bacterial_criteria_required,criteria_text,disease_key,duration_rule,final_antibiotic_status,gate_logic,generic_name,guideline_next_action,line_of_therapy,major_interactions,no_antibiotic_source_ready,not_for_viral_use,pediatric_caution,pregnancy_caution,product_id,red_flag_source_ready,renal_caution,source_ids,missing_fields
,False,abx_2370fb9c216f,False,,True,,tinea_pruritic_rash_adult,7 days,source_missing_hide_from_rx,,Clotrimazole 1%+Betamethasone Dipropionate (eq. to Betamethasone 0.1%) w/w,topical antifungal product dose/duration source is required before additional tinea rows unlock,RX1,,False,False,,,BDS001491,True,,cdc_ringworm_hcp_2024,bacterial criteria; source-backed dose; duration; safety gate
,False,abx_1bab4edd5066,False,,True,,tinea_pruritic_rash_adult,7 days,source_missing_hide_from_rx,,Clotrimazole 1%+Betamethasone Dipropionate (eq. to Betamethasone 0.1%) w/w,topical antifungal product dose/duration source is required before additional tinea rows unlock,RX1,,False,False,,,BDS001491,True,,cdc_ringworm_hcp_2024,bacterial criteria; source-backed dose; duration; safety gate
,False,abx_44e7c71f1ae1,False,,True,,tinea_pruritic_rash_adult,7 days,source_missing_hide_from_rx,,Clotrimazole 1%+Betamethasone Dipropionate (eq. to Betamethasone 0.1%) w/w,topical antifungal product dose/duration source is required before additional tinea rows unlock,RX1,,False,False,,,BDS001491,True,,cdc_ringworm_hcp_2024,bacterial criteria; source-backed dose; duration; safety gate
,False,abx_23d089b85e8a,False,,True,,minor_skin_infection_topical_adult,5 days,source_missing_hide_from_rx,,Gentamicin 1 mg./1 g.,,RX1,,False,False,,,BDS002003,False,,,bacterial criteria; source-backed dose; duration; safety gate
,False,abx_ddef0e7db73d,False,,True,,minor_skin_infection_topical_adult,5 days,source_missing_hide_from_rx,,Gentamicin 1 mg./1 g.,,RX1,,False,False,,,BDS002003,False,,,bacterial criteria; source-backed dose; duration; safety gate
,False,abx_45f4c0a6e2e7,False,,True,,minor_skin_infection_topical_adult,5 days,source_missing_hide_from_rx,,Gentamicin 1 mg./1 g.,,RX1,,False,False,,,BDS002003,False,,,bacterial criteria; source-backed dose; duration; safety gate
,True,abx_eac4cee4df2a,False,,True,"Diagnose acute bacterial rhinosinusitis based on severe, persistent, or worsening symptoms; amoxicillin or amoxicillin/clavulanate are first-line.",bacterial_sinusitis_adult,5 days,source_missing_hide_from_rx,criteria partially sourced; product dose/duration still required,Amoxicillin 875 mg.+Clavulanic Acid 125 mg.,requires exact dose/frequency/duration and patient exclusion criteria before antibiotic gate can unlock,RX1,,False,False,,,BDS001103,False,,cdc_adult_outpatient_antibiotic_2024,bacterial criteria; source-backed dose; duration; safety gate
,True,abx_e3f68b863cd6,False,,True,"Diagnose acute bacterial rhinosinusitis based on severe, persistent, or worsening symptoms; amoxicillin or amoxicillin/clavulanate are first-line.",bacterial_sinusitis_adult,5 days,source_missing_hide_from_rx,criteria partially sourced; product dose/duration still required,Amoxicillin 875 mg.+Clavulanic Acid 125 mg.,requires exact dose/frequency/duration and patient exclusion criteria before antibiotic gate can unlock,RX1,,False,False,,,BDS001103,False,,cdc_adult_outpatient_antibiotic_2024,bacterial criteria; source-backed dose; duration; safety gate
,True,abx_3c3842cf9350,False,,True,"Diagnose acute bacterial rhinosinusitis based on severe, persistent, or worsening symptoms; amoxicillin or amoxicillin/clavulanate are first-line.",bacterial_sinusitis_adult,5 days,source_missing_hide_from_rx,criteria partially sourced; product dose/duration still required,Amoxicillin 875 mg.+Clavulanic Acid 125 mg.,requires exact dose/frequency/duration and patient exclusion criteria before antibiotic gate can unlock,RX1,,False,False,,,BDS001103,False,,cdc_adult_outpatient_antibiotic_2024,bacterial criteria; source-backed dose; duration; safety gate
,True,abx_c0f6f4da2637,False,,True,Amoxicillin and penicillin remain first-line therapy due to reliable activity against GAS; recommended oral beta-lactam course is 10 days.,bacterial_pharyngitis_adult,5 days,source_missing_hide_from_rx,criteria partially sourced; product dose/duration still required,Amoxicillin 500 mg.,requires product-specific dose/frequency and allergy alternative evidence before antibiotic gate can unlock,RX1,,False,False,,,BDS002201,False,,cdc_adult_outpatient_antibiotic_2024,bacterial criteria; source-backed dose; duration; safety gate
,True,abx_ede41e3b334c,False,,True,Amoxicillin and penicillin remain first-line therapy due to reliable activity against GAS; recommended oral beta-lactam course is 10 days.,bacterial_pharyngitis_adult,5 days,source_missing_hide_from_rx,criteria partially sourced; product dose/duration still required,Amoxicillin 500 mg.,requires product-specific dose/frequency and allergy alternative evidence before antibiotic gate can unlock,RX1,,False,False,,,BDS002201,False,,cdc_adult_outpatient_antibiotic_2024,bacterial criteria; source-backed dose; duration; safety gate
,True,abx_29b783d1afb4,False,,True,Amoxicillin and penicillin remain first-line therapy due to reliable activity against GAS; recommended oral beta-lactam course is 10 days.,bacterial_pharyngitis_adult,5 days,source_missing_hide_from_rx,criteria partially sourced; product dose/duration still required,Amoxicillin 500 mg.,requires product-specific dose/frequency and allergy alternative evidence before antibiotic gate can unlock,RX1,,False,False,,,BDS002201,False,,cdc_adult_outpatient_antibiotic_2024,bacterial criteria; source-backed dose; duration; safety gate
,False,abx_7a71ecd2bdcf,False,,True,,tinea_corporis_localized_adult,7–14 days,source_missing_hide_from_rx,,Clotrimazole 1%+Betamethasone Dipropionate (eq. to Betamethasone 0.1%) w/w,topical antifungal product dose/duration source is required before additional tinea rows unlock,RX1,,False,False,,,BDS001491,True,,cdc_ringworm_hcp_2024; fda_otc_topical_antifungal_monograph_2021,bacterial criteria; source-backed dose; duration; safety gate
,False,abx_01d82e7f8f3d,False,,True,,tinea_corporis_localized_adult,7–14 days,source_missing_hide_from_rx,,Clotrimazole 1%+Betamethasone Dipropionate (eq. to Betamethasone 0.1%) w/w,topical antifungal product dose/duration source is required before additional tinea rows unlock,RX1,,False,False,,,BDS001491,True,,cdc_ringworm_hcp_2024; fda_otc_topical_antifungal_monograph_2021,bacterial criteria; source-backed dose; duration; safety gate
,False,abx_a664e1a56fde,False,,True,,tinea_corporis_localized_adult,7–14 days,source_missing_hide_from_rx,,Clotrimazole 1%+Betamethasone Dipropionate (eq. to Betamethasone 0.1%) w/w,topical antifungal product dose/duration source is required before additional tinea rows unlock,RX1,,False,False,,,BDS001491,True,,cdc_ringworm_hcp_2024; fda_otc_topical_antifungal_monograph_2021,bacterial criteria; source-backed dose; duration; safety gate
,False,abx_08f16c9b9d08,False,,True,,impetigo_localized_adult,5 days,source_missing_hide_from_rx,,Gentamicin 1 mg./1 g.,,RX1,,False,False,,,BDS002003,False,,,bacterial criteria; source-backed dose; duration; safety gate
,False,abx_8be4fccd4d94,False,,True,,impetigo_localized_adult,5 days,source_missing_hide_from_rx,,Amoxicillin 500 mg.,,SWAP1,,False,False,,,BDS002201,False,,,bacterial criteria; source-backed dose; duration; safety gate
,False,abx_ebe49884500e,False,,True,,impetigo_localized_adult,5 days,source_missing_hide_from_rx,,Gentamicin 1 mg./1 g.,,RX1,,False,False,,,BDS002003,False,,,bacterial criteria; source-backed dose; duration; safety gate
,False,abx_ea3df33a1d0f,False,,True,,impetigo_localized_adult,5 days,source_missing_hide_from_rx,,Amoxicillin 500 mg.,,SWAP1,,False,False,,,BDS002201,False,,,bacterial criteria; source-backed dose; duration; safety gate
,False,abx_b2b9348fc3d5,False,,True,,impetigo_localized_adult,5 days,source_missing_hide_from_rx,,Gentamicin 1 mg./1 g.,,RX1,,False,False,,,BDS002003,False,,,bacterial criteria; source-backed dose; duration; safety gate
,False,abx_8de378b439cc,False,,True,,impetigo_localized_adult,5 days,source_missing_hide_from_rx,,Amoxicillin 500 mg.,,SWAP1,,False,False,,,BDS002201,False,,,bacterial criteria; source-backed dose; duration; safety gate
,False,abx_21b75d815fa9,False,,True,,minor_wound_care_adult,5 days,source_missing_hide_from_rx,,Gentamicin 1 mg./1 g.,,RX2,,False,False,,,BDS002003,False,,,bacterial criteria; source-backed dose; duration; safety gate
,False,abx_ff23a211925b,False,,True,,minor_wound_care_adult,5 days,source_missing_hide_from_rx,,Gentamicin 1 mg./1 g.,,RX2,,False,False,,,BDS002003,False,,,bacterial criteria; source-backed dose; duration; safety gate
,False,abx_027f67cb3b3f,False,,True,,minor_wound_care_adult,5 days,source_missing_hide_from_rx,,Gentamicin 1 mg./1 g.,,RX2,,False,False,,,BDS002003,False,,,bacterial criteria; source-backed dose; duration; safety gate
,False,abx_458cddcad811,False,,True,,superficial_abrasion_adult,5 days,source_missing_hide_from_rx,,Gentamicin 1 mg./1 g.,,SWAP1,,False,False,,,BDS002003,False,,,bacterial criteria; source-backed dose; duration; safety gate
,False,abx_bd861053c95a,False,,True,,superficial_abrasion_adult,5 days,source_missing_hide_from_rx,,Gentamicin 1 mg./1 g.,,SWAP1,,False,False,,,BDS002003,False,,,bacterial criteria; source-backed dose; duration; safety gate
,False,abx_80371d6d4c4e,False,,True,,superficial_abrasion_adult,5 days,source_missing_hide_from_rx,,Gentamicin 1 mg./1 g.,,SWAP1,,False,False,,,BDS002003,False,,,bacterial criteria; source-backed dose; duration; safety gate
,False,abx_cffd337c2ab6,False,,True,,minor_cut_wound_care_adult,5 days,source_missing_hide_from_rx,,Gentamicin 1 mg./1 g.,,SWAP1,,False,False,,,BDS002003,False,,,bacterial criteria; source-backed dose; duration; safety gate
,False,abx_05cae48a3bef,False,,True,,minor_cut_wound_care_adult,5 days,source_missing_hide_from_rx,,Gentamicin 1 mg./1 g.,,SWAP1,,False,False,,,BDS002003,False,,,bacterial criteria; source-backed dose; duration; safety gate
,False,abx_398e549cfaa8,False,,True,,minor_cut_wound_care_adult,5 days,source_missing_hide_from_rx,,Gentamicin 1 mg./1 g.,,SWAP1,,False,False,,,BDS002003,False,,,bacterial criteria; source-backed dose; duration; safety gate
,True,abx_bfa2cf005028,False,,True,"Mild bacterial pink eye may get better without antibiotics; antibiotics may be necessary with pus, immunocompromise, or suspected certain bacteria.",bacterial_conjunctivitis_adult,5 days,source_missing_hide_from_rx,criteria partially sourced; product dose/duration still required,Chloramphenicol 5 mg./1 ml.,"requires exact topical antibiotic product, dose/frequency/duration, and eye red-flag exclusion before gate can unlock",RX1,,False,False,,,BDS001437,True,,cdc_conjunctivitis_hcp_2024; cdc_conjunctivitis_treatment_2024,bacterial criteria; source-backed dose; duration; safety gate
,True,abx_3996fb737913,False,,True,"Mild bacterial pink eye may get better without antibiotics; antibiotics may be necessary with pus, immunocompromise, or suspected certain bacteria.",bacterial_conjunctivitis_adult,5 days,source_missing_hide_from_rx,criteria partially sourced; product dose/duration still required,Fusidic acid 10 mg.+Preservative (Benzalkonium chloride 0.1%)/ 1 g.,"requires exact topical antibiotic product, dose/frequency/duration, and eye red-flag exclusion before gate can unlock",SWAP1,,False,False,,,BDS001847,True,,cdc_conjunctivitis_hcp_2024; cdc_conjunctivitis_treatment_2024,bacterial criteria; source-backed dose; duration; safety gate
,True,abx_56b6b4a5361b,False,,True,"Mild bacterial pink eye may get better without antibiotics; antibiotics may be necessary with pus, immunocompromise, or suspected certain bacteria.",bacterial_conjunctivitis_adult,5 days,source_missing_hide_from_rx,criteria partially sourced; product dose/duration still required,"Oxytetracycline HCl 5 mg.+Polymyxin B Sulfate 10,000 units/1 g.","requires exact topical antibiotic product, dose/frequency/duration, and eye red-flag exclusion before gate can unlock",SWAP2,,False,False,,,BDS003721,True,,cdc_conjunctivitis_hcp_2024; cdc_conjunctivitis_treatment_2024,bacterial criteria; source-backed dose; duration; safety gate
,True,abx_108df9948b1c,False,,True,"Mild bacterial pink eye may get better without antibiotics; antibiotics may be necessary with pus, immunocompromise, or suspected certain bacteria.",bacterial_conjunctivitis_adult,5 days,source_missing_hide_from_rx,criteria partially sourced; product dose/duration still required,Chloramphenicol 5 mg./1 ml.,"requires exact topical antibiotic product, dose/frequency/duration, and eye red-flag exclusion before gate can unlock",RX1,,False,False,,,BDS001437,True,,cdc_conjunctivitis_hcp_2024; cdc_conjunctivitis_treatment_2024,bacterial criteria; source-backed dose; duration; safety gate
,True,abx_5db72d6a5617,False,,True,"Mild bacterial pink eye may get better without antibiotics; antibiotics may be necessary with pus, immunocompromise, or suspected certain bacteria.",bacterial_conjunctivitis_adult,5 days,source_missing_hide_from_rx,criteria partially sourced; product dose/duration still required,Fusidic acid 10 mg.+Preservative (Benzalkonium chloride 0.1%)/ 1 g.,"requires exact topical antibiotic product, dose/frequency/duration, and eye red-flag exclusion before gate can unlock",SWAP1,,False,False,,,BDS001847,True,,cdc_conjunctivitis_hcp_2024; cdc_conjunctivitis_treatment_2024,bacterial criteria; source-backed dose; duration; safety gate
,True,abx_896ddf013024,False,,True,"Mild bacterial pink eye may get better without antibiotics; antibiotics may be necessary with pus, immunocompromise, or suspected certain bacteria.",bacterial_conjunctivitis_adult,5 days,source_missing_hide_from_rx,criteria partially sourced; product dose/duration still required,"Oxytetracycline HCl 5 mg.+Polymyxin B Sulfate 10,000 units/1 g.","requires exact topical antibiotic product, dose/frequency/duration, and eye red-flag exclusion before gate can unlock",SWAP2,,False,False,,,BDS003721,True,,cdc_conjunctivitis_hcp_2024; cdc_conjunctivitis_treatment_2024,bacterial criteria; source-backed dose; duration; safety gate
,True,abx_e88cb2cbf09a,False,,True,"Mild bacterial pink eye may get better without antibiotics; antibiotics may be necessary with pus, immunocompromise, or suspected certain bacteria.",bacterial_conjunctivitis_adult,5 days,source_missing_hide_from_rx,criteria partially sourced; product dose/duration still required,Chloramphenicol 5 mg./1 ml.,"requires exact topical antibiotic product, dose/frequency/duration, and eye red-flag exclusion before gate can unlock",RX1,,False,False,,,BDS001437,True,,cdc_conjunctivitis_hcp_2024; cdc_conjunctivitis_treatment_2024,bacterial criteria; source-backed dose; duration; safety gate
,True,abx_78b74d10b488,False,,True,"Mild bacterial pink eye may get better without antibiotics; antibiotics may be necessary with pus, immunocompromise, or suspected certain bacteria.",bacterial_conjunctivitis_adult,5 days,source_missing_hide_from_rx,criteria partially sourced; product dose/duration still required,Fusidic acid 10 mg.+Preservative (Benzalkonium chloride 0.1%)/ 1 g.,"requires exact topical antibiotic product, dose/frequency/duration, and eye red-flag exclusion before gate can unlock",SWAP1,,False,False,,,BDS001847,True,,cdc_conjunctivitis_hcp_2024; cdc_conjunctivitis_treatment_2024,bacterial criteria; source-backed dose; duration; safety gate
,True,abx_353aa6054e8a,False,,True,"Mild bacterial pink eye may get better without antibiotics; antibiotics may be necessary with pus, immunocompromise, or suspected certain bacteria.",bacterial_conjunctivitis_adult,5 days,source_missing_hide_from_rx,criteria partially sourced; product dose/duration still required,"Oxytetracycline HCl 5 mg.+Polymyxin B Sulfate 10,000 units/1 g.","requires exact topical antibiotic product, dose/frequency/duration, and eye red-flag exclusion before gate can unlock",SWAP2,,False,False,,,BDS003721,True,,cdc_conjunctivitis_hcp_2024; cdc_conjunctivitis_treatment_2024,bacterial criteria; source-backed dose; duration; safety gate
,True,abx_0467e09c095d,False,,True,"Bacterial conjunctivitis symptoms include purulent discharge causing matted eyelids, chemosis, decreased vision, eyelid swelling, and pain.",bacterial_conjunctivitis_peds,5 days,source_missing_hide_from_rx,criteria partially sourced; product dose/duration still required,Chloramphenicol 5 mg./1 ml.,"criteria can triage bacterial pattern, but product dose/duration source is still required",RX1,,False,False,,,BDS001437,True,,cdc_conjunctivitis_hcp_2024,bacterial criteria; source-backed dose; duration; safety gate
,True,abx_47c5ec7689e4,False,,True,"Bacterial conjunctivitis symptoms include purulent discharge causing matted eyelids, chemosis, decreased vision, eyelid swelling, and pain.",bacterial_conjunctivitis_peds,5 days,source_missing_hide_from_rx,criteria partially sourced; product dose/duration still required,Fusidic acid 10 mg.+Preservative (Benzalkonium chloride 0.1%)/ 1 g.,"criteria can triage bacterial pattern, but product dose/duration source is still required",SWAP1,,False,False,,,BDS001847,True,,cdc_conjunctivitis_hcp_2024,bacterial criteria; source-backed dose; duration; safety gate
,True,abx_2c2410a58859,False,,True,"Bacterial conjunctivitis symptoms include purulent discharge causing matted eyelids, chemosis, decreased vision, eyelid swelling, and pain.",bacterial_conjunctivitis_peds,5 days,source_missing_hide_from_rx,criteria partially sourced; product dose/duration still required,Chloramphenicol 5 mg./1 ml.,"criteria can triage bacterial pattern, but product dose/duration source is still required",RX1,,False,False,,,BDS001437,True,,cdc_conjunctivitis_hcp_2024,bacterial criteria; source-backed dose; duration; safety gate
,True,abx_6f76e067ba6c,False,,True,"Bacterial conjunctivitis symptoms include purulent discharge causing matted eyelids, chemosis, decreased vision, eyelid swelling, and pain.",bacterial_conjunctivitis_peds,5 days,source_missing_hide_from_rx,criteria partially sourced; product dose/duration still required,Fusidic acid 10 mg.+Preservative (Benzalkonium chloride 0.1%)/ 1 g.,"criteria can triage bacterial pattern, but product dose/duration source is still required",SWAP1,,False,False,,,BDS001847,True,,cdc_conjunctivitis_hcp_2024,bacterial criteria; source-backed dose; duration; safety gate
,True,abx_e2711faf6839,False,,True,"Bacterial conjunctivitis symptoms include purulent discharge causing matted eyelids, chemosis, decreased vision, eyelid swelling, and pain.",bacterial_conjunctivitis_peds,5 days,source_missing_hide_from_rx,criteria partially sourced; product dose/duration still required,Chloramphenicol 5 mg./1 ml.,"criteria can triage bacterial pattern, but product dose/duration source is still required",RX1,,False,False,,,BDS001437,True,,cdc_conjunctivitis_hcp_2024,bacterial criteria; source-backed dose; duration; safety gate
,True,abx_bf09620b2ac4,False,,True,"Bacterial conjunctivitis symptoms include purulent discharge causing matted eyelids, chemosis, decreased vision, eyelid swelling, and pain.",bacterial_conjunctivitis_peds,5 days,source_missing_hide_from_rx,criteria partially sourced; product dose/duration still required,Fusidic acid 10 mg.+Preservative (Benzalkonium chloride 0.1%)/ 1 g.,"criteria can triage bacterial pattern, but product dose/duration source is still required",SWAP1,,False,False,,,BDS001847,True,,cdc_conjunctivitis_hcp_2024,bacterial criteria; source-backed dose; duration; safety gate
,False,abx_73115148f322,False,,True,,bacterial_eyelid_infection_adult,5 days,source_missing_hide_from_rx,,"Oxytetracycline HCl 5 mg.+Polymyxin B Sulfate 10,000 units/1 g.",,RX1,,False,False,,,BDS003721,False,,,bacterial criteria; source-backed dose; duration; safety gate
,False,abx_cce5f7ce0b9b,False,,True,,bacterial_eyelid_infection_adult,5 days,source_missing_hide_from_rx,,Fusidic acid 10 mg.+Preservative (Benzalkonium chloride 0.1%)/ 1 g.,,SWAP1,,False,False,,,BDS001847,False,,,bacterial criteria; source-backed dose; duration; safety gate
,False,abx_a522ddbb338d,False,,True,,bacterial_eyelid_infection_adult,5 days,source_missing_hide_from_rx,,"Oxytetracycline HCl 5 mg.+Polymyxin B Sulfate 10,000 units/1 g.",,RX1,,False,False,,,BDS003721,False,,,bacterial criteria; source-backed dose; duration; safety gate
,False,abx_3e432de33c37,False,,True,,bacterial_eyelid_infection_adult,5 days,source_missing_hide_from_rx,,Fusidic acid 10 mg.+Preservative (Benzalkonium chloride 0.1%)/ 1 g.,,SWAP1,,False,False,,,BDS001847,False,,,bacterial criteria; source-backed dose; duration; safety gate
,False,abx_87ba408141be,False,,True,,bacterial_eyelid_infection_adult,5 days,source_missing_hide_from_rx,,"Oxytetracycline HCl 5 mg.+Polymyxin B Sulfate 10,000 units/1 g.",,RX1,,False,False,,,BDS003721,False,,,bacterial criteria; source-backed dose; duration; safety gate
,False,abx_c4bd4b0ade1a,False,,True,,bacterial_eyelid_infection_adult,5 days,source_missing_hide_from_rx,,Fusidic acid 10 mg.+Preservative (Benzalkonium chloride 0.1%)/ 1 g.,,SWAP1,,False,False,,,BDS001847,False,,,bacterial criteria; source-backed dose; duration; safety gate
,False,abx_24179a739f7d,False,,True,,bacterial_eyelid_infection_peds,5 days,source_missing_hide_from_rx,,"Oxytetracycline HCl 5 mg.+Polymyxin B Sulfate 10,000 units/1 g.",,RX1,,False,False,,,BDS003721,False,,,bacterial criteria; source-backed dose; duration; safety gate
,False,abx_90aae75715d9,False,,True,,bacterial_eyelid_infection_peds,5 days,source_missing_hide_from_rx,,Fusidic acid 10 mg.+Preservative (Benzalkonium chloride 0.1%)/ 1 g.,,SWAP1,,False,False,,,BDS001847,False,,,bacterial criteria; source-backed dose; duration; safety gate
,False,abx_d0eb82ae5ce8,False,,True,,bacterial_eyelid_infection_peds,5 days,source_missing_hide_from_rx,,"Oxytetracycline HCl 5 mg.+Polymyxin B Sulfate 10,000 units/1 g.",,RX1,,False,False,,,BDS003721,False,,,bacterial criteria; source-backed dose; duration; safety gate
,False,abx_115f272c57b1,False,,True,,bacterial_eyelid_infection_peds,5 days,source_missing_hide_from_rx,,Fusidic acid 10 mg.+Preservative (Benzalkonium chloride 0.1%)/ 1 g.,,SWAP1,,False,False,,,BDS001847,False,,,bacterial criteria; source-backed dose; duration; safety gate
,False,abx_bc4c233de7e0,False,,True,,bacterial_eyelid_infection_peds,5 days,source_missing_hide_from_rx,,"Oxytetracycline HCl 5 mg.+Polymyxin B Sulfate 10,000 units/1 g.",,RX1,,False,False,,,BDS003721,False,,,bacterial criteria; source-backed dose; duration; safety gate
,False,abx_bfb01e690c74,False,,True,,bacterial_eyelid_infection_peds,5 days,source_missing_hide_from_rx,,Fusidic acid 10 mg.+Preservative (Benzalkonium chloride 0.1%)/ 1 g.,,SWAP1,,False,False,,,BDS001847,False,,,bacterial criteria; source-backed dose; duration; safety gate
,False,abx_b4bf50a227a9,False,,True,,bacterial_sinusitis_peds,5 days,source_missing_hide_from_rx,,Amoxicillin 400 mg.+Clavulanic Acid 57 mg./5 ml.,,RX1,,False,False,,,BDS001047,False,,,bacterial criteria; source-backed dose; duration; safety gate
,False,abx_e03a83dde80f,False,,True,,bacterial_sinusitis_peds,5 days,source_missing_hide_from_rx,,Amoxicillin 400 mg.+Clavulanic Acid 57 mg./5 ml.,,RX1,,False,False,,,BDS001047,False,,,bacterial criteria; source-backed dose; duration; safety gate
,False,abx_f36f7ed185ea,False,,True,,bacterial_sinusitis_peds,5 days,source_missing_hide_from_rx,,Amoxicillin 400 mg.+Clavulanic Acid 57 mg./5 ml.,,RX1,,False,False,,,BDS001047,False,,,bacterial criteria; source-backed dose; duration; safety gate
,False,abx_4d0673b01cf9,False,,True,,bacterial_pharyngitis_peds,5 days,source_missing_hide_from_rx,,Amoxicillin 200 mg.+Clavulanic Acid 28 mg./5 ml.,,RX1,,False,False,,,BDS001046,False,,,bacterial criteria; source-backed dose; duration; safety gate
,False,abx_69cbf92c0f78,False,,True,,bacterial_pharyngitis_peds,5 days,source_missing_hide_from_rx,,Amoxicillin 200 mg.+Clavulanic Acid 28 mg./5 ml.,,RX1,,False,False,,,BDS001046,False,,,bacterial criteria; source-backed dose; duration; safety gate
,False,abx_96cc8cc0ead3,False,,True,,bacterial_pharyngitis_peds,5 days,source_missing_hide_from_rx,,Amoxicillin 200 mg.+Clavulanic Acid 28 mg./5 ml.,,RX1,,False,False,,,BDS001046,False,,,bacterial criteria; source-backed dose; duration; safety gate
,False,abx_362130f6f781,False,,True,,macrolide_respiratory_bacterial_adult,5 days,source_missing_hide_from_rx,,Roxithromycin 150 mg.,,RX1,,False,False,,,BDS007066,False,,,bacterial criteria; source-backed dose; duration; safety gate
,False,abx_28b5dbc21032,False,,True,,macrolide_respiratory_bacterial_adult,5 days,source_missing_hide_from_rx,,Roxithromycin 150 mg.,,RX1,,False,False,,,BDS007066,False,,,bacterial criteria; source-backed dose; duration; safety gate
,False,abx_361604353b55,False,,True,,macrolide_respiratory_bacterial_adult,5 days,source_missing_hide_from_rx,,Roxithromycin 150 mg.,,RX1,,False,False,,,BDS007066,False,,,bacterial criteria; source-backed dose; duration; safety gate
,False,abx_750a31b4c932,False,,True,,dental_infection_support_adult,5 days,source_missing_hide_from_rx,,Amoxicillin 875 mg.+Clavulanic Acid 125 mg.,,RX1,,False,False,,,BDS001103,False,,,bacterial criteria; source-backed dose; duration; safety gate
,False,abx_bd49e675dec2,False,,True,,dental_infection_support_adult,5 days,source_missing_hide_from_rx,,Amoxicillin 875 mg.+Clavulanic Acid 125 mg.,,RX1,,False,False,,,BDS001103,False,,,bacterial criteria; source-backed dose; duration; safety gate
,False,abx_61bffb42e726,False,,True,,dental_infection_support_adult,5 days,source_missing_hide_from_rx,,Amoxicillin 875 mg.+Clavulanic Acid 125 mg.,,RX1,,False,False,,,BDS001103,False,,,bacterial criteria; source-backed dose; duration; safety gate
,False,abx_6c9719aff46f,False,,True,,infected_insect_bite_adult,5 days,source_missing_hide_from_rx,,Amoxicillin 500 mg.,,RX1,,False,False,,,BDS002201,False,,,bacterial criteria; source-backed dose; duration; safety gate
,False,abx_0b2339b326a3,False,,True,,infected_insect_bite_adult,5 days,source_missing_hide_from_rx,,Amoxicillin 500 mg.,,RX1,,False,False,,,BDS002201,False,,,bacterial criteria; source-backed dose; duration; safety gate
,False,abx_da2bdcf2a038,False,,True,,infected_insect_bite_adult,5 days,source_missing_hide_from_rx,,Amoxicillin 500 mg.,,RX1,,False,False,,,BDS002201,False,,,bacterial criteria; source-backed dose; duration; safety gate
,False,abx_d8a72f92bcf9,False,,True,,infected_insect_bite_peds,5 days,source_missing_hide_from_rx,,Amoxicillin 200 mg.+Clavulanic Acid 28 mg./5 ml.,,RX1,,False,False,,,BDS001046,False,,,bacterial criteria; source-backed dose; duration; safety gate
,False,abx_01fa9bec1c35,False,,True,,infected_insect_bite_peds,5 days,source_missing_hide_from_rx,,Amoxicillin 200 mg.+Clavulanic Acid 28 mg./5 ml.,,RX1,,False,False,,,BDS001046,False,,,bacterial criteria; source-backed dose; duration; safety gate
,False,abx_9f5727f3e75e,False,,True,,infected_insect_bite_peds,5 days,source_missing_hide_from_rx,,Amoxicillin 200 mg.+Clavulanic Acid 28 mg./5 ml.,,RX1,,False,False,,,BDS001046,False,,,bacterial criteria; source-backed dose; duration; safety gate
,False,abx_3d5948cdd848,False,,True,,cellulitis_mild_adult,5 days,source_missing_hide_from_rx,,Amoxicillin 875 mg.+Clavulanic Acid 125 mg.,,RX1,,False,False,,,BDS001103,False,,,bacterial criteria; source-backed dose; duration; safety gate
,False,abx_6af8a72393f1,False,,True,,cellulitis_mild_adult,5 days,source_missing_hide_from_rx,,Amoxicillin 875 mg.+Clavulanic Acid 125 mg.,,RX1,,False,False,,,BDS001103,False,,,bacterial criteria; source-backed dose; duration; safety gate
,False,abx_efb8aeba4bc3,False,,True,,cellulitis_mild_adult,5 days,source_missing_hide_from_rx,,Amoxicillin 875 mg.+Clavulanic Acid 125 mg.,,RX1,,False,False,,,BDS001103,False,,,bacterial criteria; source-backed dose; duration; safety gate
,False,abx_06f7d3593fa9,False,,True,,impetigo_oral_antibiotic_adult,5 days,source_missing_hide_from_rx,,Amoxicillin 500 mg.,,RX1,,False,False,,,BDS002201,False,,,bacterial criteria; source-backed dose; duration; safety gate
,False,abx_2e898099d9cf,False,,True,,impetigo_oral_antibiotic_adult,5–7 days,source_missing_hide_from_rx,,Fusidic acid 20 mg./1 g.,,RX2,,False,False,,,BDS001991,False,,,bacterial criteria; source-backed dose; duration; safety gate
,False,abx_e3ced3c3d323,False,,True,,impetigo_oral_antibiotic_adult,5 days,source_missing_hide_from_rx,,Amoxicillin 500 mg.,,RX1,,False,False,,,BDS002201,False,,,bacterial criteria; source-backed dose; duration; safety gate
,False,abx_2716548d58f7,False,,True,,impetigo_oral_antibiotic_adult,5–7 days,source_missing_hide_from_rx,,Fusidic acid 20 mg./1 g.,,RX2,,False,False,,,BDS001991,False,,,bacterial criteria; source-backed dose; duration; safety gate
,False,abx_43f4adbc1c91,False,,True,,impetigo_oral_antibiotic_adult,5 days,source_missing_hide_from_rx,,Amoxicillin 500 mg.,,RX1,,False,False,,,BDS002201,False,,,bacterial criteria; source-backed dose; duration; safety gate
,False,abx_2cefc801c588,False,,True,,impetigo_oral_antibiotic_adult,5–7 days,source_missing_hide_from_rx,,Fusidic acid 20 mg./1 g.,,RX2,,False,False,,,BDS001991,False,,,bacterial criteria; source-backed dose; duration; safety gate
,False,abx_e39c3a6b5e22,False,,True,,localized_folliculitis_adult,5 days,source_missing_hide_from_rx,,Amoxicillin 500 mg.,,SWAP1,,False,False,,,BDS002201,False,,,bacterial criteria; source-backed dose; duration; safety gate
,False,abx_a329ef437fbf,False,,True,,localized_folliculitis_adult,5 days,source_missing_hide_from_rx,,Amoxicillin 500 mg.,,SWAP1,,False,False,,,BDS002201,False,,,bacterial criteria; source-backed dose; duration; safety gate
,False,abx_4cada5b90e9b,False,,True,,localized_folliculitis_adult,5 days,source_missing_hide_from_rx,,Amoxicillin 500 mg.,,SWAP1,,False,False,,,BDS002201,False,,,bacterial criteria; source-backed dose; duration; safety gate
,False,abx_5a9719b6393a,False,,True,,infected_abrasion_adult,5 days,source_missing_hide_from_rx,,Amoxicillin 500 mg.,,SWAP1,,False,False,,,BDS002201,False,,,bacterial criteria; source-backed dose; duration; safety gate
,False,abx_9443e68b6be3,False,,True,,infected_abrasion_adult,5 days,source_missing_hide_from_rx,,Amoxicillin 500 mg.,,SWAP1,,False,False,,,BDS002201,False,,,bacterial criteria; source-backed dose; duration; safety gate
,False,abx_d5415a672e6b,False,,True,,infected_abrasion_adult,5 days,source_missing_hide_from_rx,,Amoxicillin 500 mg.,,SWAP1,,False,False,,,BDS002201,False,,,bacterial criteria; source-backed dose; duration; safety gate
,False,abx_006c314e9d72,False,,True,,infected_eczema_localized_adult,5 days,source_missing_hide_from_rx,,Fusidic acid 20 mg+Hydrocortisone Acetate 10 mg+อื่นๆ/1 g,,RX1,,False,False,,,BDS001910,False,,,bacterial criteria; source-backed dose; duration; safety gate
,False,abx_5bcb1a63b7f3,False,,True,,infected_eczema_localized_adult,5 days,source_missing_hide_from_rx,,Fusidic acid 20 mg+Betamethasone Valerate (eq. to Betamethasone 1 mg)+Preservative (Chlorocresol)/1 g,,SWAP1,,False,False,,,BDS001908,False,,,bacterial criteria; source-backed dose; duration; safety gate
,False,abx_09ae6284cdd3,False,,True,,infected_eczema_localized_adult,5 days,source_missing_hide_from_rx,,Fusidic acid 20 mg+Hydrocortisone Acetate 10 mg+อื่นๆ/1 g,,RX1,,False,False,,,BDS001910,False,,,bacterial criteria; source-backed dose; duration; safety gate
,False,abx_160a0ae252cf,False,,True,,infected_eczema_localized_adult,5 days,source_missing_hide_from_rx,,Fusidic acid 20 mg+Betamethasone Valerate (eq. to Betamethasone 1 mg)+Preservative (Chlorocresol)/1 g,,SWAP1,,False,False,,,BDS001908,False,,,bacterial criteria; source-backed dose; duration; safety gate
,False,abx_0c171a06c188,False,,True,,infected_eczema_localized_adult,5 days,source_missing_hide_from_rx,,Fusidic acid 20 mg+Hydrocortisone Acetate 10 mg+อื่นๆ/1 g,,RX1,,False,False,,,BDS001910,False,,,bacterial criteria; source-backed dose; duration; safety gate
,False,abx_81df4ab20bbb,False,,True,,infected_eczema_localized_adult,5 days,source_missing_hide_from_rx,,Fusidic acid 20 mg+Betamethasone Valerate (eq. to Betamethasone 1 mg)+Preservative (Chlorocresol)/1 g,,SWAP1,,False,False,,,BDS001908,False,,,bacterial criteria; source-backed dose; duration; safety gate
,False,abx_6b1d9b140157,False,,True,,uncomplicated_uti_adult,5 days,source_missing_hide_from_rx,,Norfloxacin 400 mg.,,RX1,,False,False,,,BDS007591,False,,,bacterial criteria; source-backed dose; duration; safety gate
,False,abx_27cd8df87b25,False,,True,,uncomplicated_uti_adult,5 days,source_missing_hide_from_rx,,Norfloxacin 400 mg.,,RX1,,False,False,,,BDS007591,False,,,bacterial criteria; source-backed dose; duration; safety gate
,False,abx_e550ec035d22,False,,True,,uncomplicated_uti_adult,5 days,source_missing_hide_from_rx,,Norfloxacin 400 mg.,,RX1,,False,False,,,BDS007591,False,,,bacterial criteria; source-backed dose; duration; safety gate
,True,abx_2d58654c4c11,False,,True,"Mild bacterial pink eye may get better without antibiotics; antibiotics may be necessary with pus, immunocompromise, or suspected certain bacteria.",topical_eye_antibiotic_support_adult,5 days,source_missing_hide_from_rx,criteria partially sourced; product dose/duration still required,Chloramphenicol 5 mg./1 ml.,"requires exact topical antibiotic product, dose/frequency/duration, and eye red-flag exclusion before gate can unlock",RX1,,False,False,,,BDS001437,False,,cdc_conjunctivitis_treatment_2024,bacterial criteria; source-backed dose; duration; safety gate
,True,abx_124d79d01968,False,,True,"Mild bacterial pink eye may get better without antibiotics; antibiotics may be necessary with pus, immunocompromise, or suspected certain bacteria.",topical_eye_antibiotic_support_adult,5 days,source_missing_hide_from_rx,criteria partially sourced; product dose/duration still required,Fusidic acid 10 mg.+Preservative (Benzalkonium chloride 0.1%)/ 1 g.,"requires exact topical antibiotic product, dose/frequency/duration, and eye red-flag exclusion before gate can unlock",RX2,,False,False,,,BDS001847,False,,cdc_conjunctivitis_treatment_2024,bacterial criteria; source-backed dose; duration; safety gate
,True,abx_3425da19f4cb,False,,True,"Mild bacterial pink eye may get better without antibiotics; antibiotics may be necessary with pus, immunocompromise, or suspected certain bacteria.",topical_eye_antibiotic_support_adult,5 days,source_missing_hide_from_rx,criteria partially sourced; product dose/duration still required,"Oxytetracycline HCl 5 mg.+Polymyxin B Sulfate 10,000 units/1 g.","requires exact topical antibiotic product, dose/frequency/duration, and eye red-flag exclusion before gate can unlock",SWAP1,,False,False,,,BDS003721,False,,cdc_conjunctivitis_treatment_2024,bacterial criteria; source-backed dose; duration; safety gate
,True,abx_6fc4c0360a34,False,,True,"Mild bacterial pink eye may get better without antibiotics; antibiotics may be necessary with pus, immunocompromise, or suspected certain bacteria.",topical_eye_antibiotic_support_adult,5 days,source_missing_hide_from_rx,criteria partially sourced; product dose/duration still required,Chloramphenicol 5 mg./1 ml.,"requires exact topical antibiotic product, dose/frequency/duration, and eye red-flag exclusion before gate can unlock",RX1,,False,False,,,BDS001437,False,,cdc_conjunctivitis_treatment_2024,bacterial criteria; source-backed dose; duration; safety gate
,True,abx_b7a6109292ce,False,,True,"Mild bacterial pink eye may get better without antibiotics; antibiotics may be necessary with pus, immunocompromise, or suspected certain bacteria.",topical_eye_antibiotic_support_adult,5 days,source_missing_hide_from_rx,criteria partially sourced; product dose/duration still required,Fusidic acid 10 mg.+Preservative (Benzalkonium chloride 0.1%)/ 1 g.,"requires exact topical antibiotic product, dose/frequency/duration, and eye red-flag exclusion before gate can unlock",RX2,,False,False,,,BDS001847,False,,cdc_conjunctivitis_treatment_2024,bacterial criteria; source-backed dose; duration; safety gate
,True,abx_3f889296fb3d,False,,True,"Mild bacterial pink eye may get better without antibiotics; antibiotics may be necessary with pus, immunocompromise, or suspected certain bacteria.",topical_eye_antibiotic_support_adult,5 days,source_missing_hide_from_rx,criteria partially sourced; product dose/duration still required,"Oxytetracycline HCl 5 mg.+Polymyxin B Sulfate 10,000 units/1 g.","requires exact topical antibiotic product, dose/frequency/duration, and eye red-flag exclusion before gate can unlock",SWAP1,,False,False,,,BDS003721,False,,cdc_conjunctivitis_treatment_2024,bacterial criteria; source-backed dose; duration; safety gate
,True,abx_1f7e2cd95f61,False,,True,"Mild bacterial pink eye may get better without antibiotics; antibiotics may be necessary with pus, immunocompromise, or suspected certain bacteria.",topical_eye_antibiotic_support_adult,5 days,source_missing_hide_from_rx,criteria partially sourced; product dose/duration still required,Chloramphenicol 5 mg./1 ml.,"requires exact topical antibiotic product, dose/frequency/duration, and eye red-flag exclusion before gate can unlock",RX1,,False,False,,,BDS001437,False,,cdc_conjunctivitis_treatment_2024,bacterial criteria; source-backed dose; duration; safety gate
,True,abx_674a7f08dc54,False,,True,"Mild bacterial pink eye may get better without antibiotics; antibiotics may be necessary with pus, immunocompromise, or suspected certain bacteria.",topical_eye_antibiotic_support_adult,5 days,source_missing_hide_from_rx,criteria partially sourced; product dose/duration still required,Fusidic acid 10 mg.+Preservative (Benzalkonium chloride 0.1%)/ 1 g.,"requires exact topical antibiotic product, dose/frequency/duration, and eye red-flag exclusion before gate can unlock",RX2,,False,False,,,BDS001847,False,,cdc_conjunctivitis_treatment_2024,bacterial criteria; source-backed dose; duration; safety gate
,True,abx_53125670fcce,False,,True,"Mild bacterial pink eye may get better without antibiotics; antibiotics may be necessary with pus, immunocompromise, or suspected certain bacteria.",topical_eye_antibiotic_support_adult,5 days,source_missing_hide_from_rx,criteria partially sourced; product dose/duration still required,"Oxytetracycline HCl 5 mg.+Polymyxin B Sulfate 10,000 units/1 g.","requires exact topical antibiotic product, dose/frequency/duration, and eye red-flag exclusion before gate can unlock",SWAP1,,False,False,,,BDS003721,False,,cdc_conjunctivitis_treatment_2024,bacterial criteria; source-backed dose; duration; safety gate
,False,abx_5b71957d1d72,False,,True,,infected_wound_oral_antibiotic_adult,5 days,source_missing_hide_from_rx,,Amoxicillin 875 mg.+Clavulanic Acid 125 mg.,,RX1,,False,False,,,BDS001103,False,,,bacterial criteria; source-backed dose; duration; safety gate
,False,abx_0e21de5321d6,False,,True,,infected_wound_oral_antibiotic_adult,3–5 days,source_missing_hide_from_rx,,Povidone-Iodine USP 10 % w/v,,RX2,,False,False,,,BDS001238,False,,,bacterial criteria; source-backed dose; duration; safety gate
,False,abx_7dad36412608,False,,True,,infected_wound_oral_antibiotic_adult,5 days,source_missing_hide_from_rx,,Amoxicillin 875 mg.+Clavulanic Acid 125 mg.,,RX1,,False,False,,,BDS001103,False,,,bacterial criteria; source-backed dose; duration; safety gate
,False,abx_5f63c29ac6bf,False,,True,,infected_wound_oral_antibiotic_adult,3–5 days,source_missing_hide_from_rx,,Povidone-Iodine USP 10 % w/v,,RX2,,False,False,,,BDS001238,False,,,bacterial criteria; source-backed dose; duration; safety gate
,False,abx_7e66e276c688,False,,True,,infected_wound_oral_antibiotic_adult,5 days,source_missing_hide_from_rx,,Amoxicillin 875 mg.+Clavulanic Acid 125 mg.,,RX1,,False,False,,,BDS001103,False,,,bacterial criteria; source-backed dose; duration; safety gate
,False,abx_81ed5c7cfab2,False,,True,,infected_wound_oral_antibiotic_adult,3–5 days,source_missing_hide_from_rx,,Povidone-Iodine USP 10 % w/v,,RX2,,False,False,,,BDS001238,False,,,bacterial criteria; source-backed dose; duration; safety gate
,False,abx_332db4232e08,False,,True,,penicillin_allergy_resp_support_adult,5 days,source_missing_hide_from_rx,,Roxithromycin 150 mg.,,RX1,,False,False,,,BDS007066,False,,,bacterial criteria; source-backed dose; duration; safety gate
,False,abx_42e2f6125dc7,False,,True,,penicillin_allergy_resp_support_adult,5 days,source_missing_hide_from_rx,,Roxithromycin 150 mg.,,RX1,,False,False,,,BDS007066,False,,,bacterial criteria; source-backed dose; duration; safety gate
,False,abx_2a7b9a66798b,False,,True,,penicillin_allergy_resp_support_adult,5 days,source_missing_hide_from_rx,,Roxithromycin 150 mg.,,RX1,,False,False,,,BDS007066,False,,,bacterial criteria; source-backed dose; duration; safety gate
,True,abx_dd009bbbf1d1,False,,True,"Diagnose acute bacterial rhinosinusitis based on severe, persistent, or worsening symptoms; amoxicillin or amoxicillin/clavulanate are first-line.",bacterial_sinusitis_alt_adult,5 days,source_missing_hide_from_rx,criteria partially sourced; product dose/duration still required,Roxithromycin 150 mg.,requires exact dose/frequency/duration and patient exclusion criteria before antibiotic gate can unlock,RX1,,False,False,,,BDS007066,False,,cdc_adult_outpatient_antibiotic_2024,bacterial criteria; source-backed dose; duration; safety gate
,True,abx_1c6c106887fb,False,,True,"Diagnose acute bacterial rhinosinusitis based on severe, persistent, or worsening symptoms; amoxicillin or amoxicillin/clavulanate are first-line.",bacterial_sinusitis_alt_adult,5 days,source_missing_hide_from_rx,criteria partially sourced; product dose/duration still required,Sodium Chloride 0.9 g./100 ml.,requires exact dose/frequency/duration and patient exclusion criteria before antibiotic gate can unlock,RX2,,False,False,,,BDS044320,False,,cdc_adult_outpatient_antibiotic_2024,bacterial criteria; source-backed dose; duration; safety gate
,True,abx_a511b2627585,False,,True,"Diagnose acute bacterial rhinosinusitis based on severe, persistent, or worsening symptoms; amoxicillin or amoxicillin/clavulanate are first-line.",bacterial_sinusitis_alt_adult,5 days,source_missing_hide_from_rx,criteria partially sourced; product dose/duration still required,Roxithromycin 150 mg.,requires exact dose/frequency/duration and patient exclusion criteria before antibiotic gate can unlock,RX1,,False,False,,,BDS007066,False,,cdc_adult_outpatient_antibiotic_2024,bacterial criteria; source-backed dose; duration; safety gate
,True,abx_4800d6cf38bd,False,,True,"Diagnose acute bacterial rhinosinusitis based on severe, persistent, or worsening symptoms; amoxicillin or amoxicillin/clavulanate are first-line.",bacterial_sinusitis_alt_adult,5 days,source_missing_hide_from_rx,criteria partially sourced; product dose/duration still required,Sodium Chloride 0.9 g./100 ml.,requires exact dose/frequency/duration and patient exclusion criteria before antibiotic gate can unlock,RX2,,False,False,,,BDS044320,False,,cdc_adult_outpatient_antibiotic_2024,bacterial criteria; source-backed dose; duration; safety gate
,True,abx_1e59b5b99631,False,,True,"Diagnose acute bacterial rhinosinusitis based on severe, persistent, or worsening symptoms; amoxicillin or amoxicillin/clavulanate are first-line.",bacterial_sinusitis_alt_adult,5 days,source_missing_hide_from_rx,criteria partially sourced; product dose/duration still required,Roxithromycin 150 mg.,requires exact dose/frequency/duration and patient exclusion criteria before antibiotic gate can unlock,RX1,,False,False,,,BDS007066,False,,cdc_adult_outpatient_antibiotic_2024,bacterial criteria; source-backed dose; duration; safety gate
,True,abx_0944884abe7a,False,,True,"Diagnose acute bacterial rhinosinusitis based on severe, persistent, or worsening symptoms; amoxicillin or amoxicillin/clavulanate are first-line.",bacterial_sinusitis_alt_adult,5 days,source_missing_hide_from_rx,criteria partially sourced; product dose/duration still required,Sodium Chloride 0.9 g./100 ml.,requires exact dose/frequency/duration and patient exclusion criteria before antibiotic gate can unlock,RX2,,False,False,,,BDS044320,False,,cdc_adult_outpatient_antibiotic_2024,bacterial criteria; source-backed dose; duration; safety gate
,True,abx_41b8c12360c7,False,,True,Amoxicillin and penicillin remain first-line therapy due to reliable activity against GAS; recommended oral beta-lactam course is 10 days.,bacterial_pharyngitis_alt_adult,5 days,source_missing_hide_from_rx,criteria partially sourced; product dose/duration still required,Roxithromycin 150 mg.,requires product-specific dose/frequency and allergy alternative evidence before antibiotic gate can unlock,RX1,,False,False,,,BDS007066,False,,cdc_adult_outpatient_antibiotic_2024,bacterial criteria; source-backed dose; duration; safety gate
,True,abx_823fe839c857,False,,True,Amoxicillin and penicillin remain first-line therapy due to reliable activity against GAS; recommended oral beta-lactam course is 10 days.,bacterial_pharyngitis_alt_adult,5 days,source_missing_hide_from_rx,criteria partially sourced; product dose/duration still required,ดอกหญ้าหอม+เพเพอร์มิ้นต์+เซจ ออยล์+เทียนสัตบุษย์+ไพน์ นีดเดิล ออยล์+เบอร์กามอต ออยล์+ยูคาลิปทอล,requires product-specific dose/frequency and allergy alternative evidence before antibiotic gate can unlock,RX2,,False,False,,,BDS002411,False,,cdc_adult_outpatient_antibiotic_2024,bacterial criteria; source-backed dose; duration; safety gate
,True,abx_6883195eb70e,False,,True,Amoxicillin and penicillin remain first-line therapy due to reliable activity against GAS; recommended oral beta-lactam course is 10 days.,bacterial_pharyngitis_alt_adult,5 days,source_missing_hide_from_rx,criteria partially sourced; product dose/duration still required,Roxithromycin 150 mg.,requires product-specific dose/frequency and allergy alternative evidence before antibiotic gate can unlock,RX1,,False,False,,,BDS007066,False,,cdc_adult_outpatient_antibiotic_2024,bacterial criteria; source-backed dose; duration; safety gate
,True,abx_0e0ada78bf2d,False,,True,Amoxicillin and penicillin remain first-line therapy due to reliable activity against GAS; recommended oral beta-lactam course is 10 days.,bacterial_pharyngitis_alt_adult,5 days,source_missing_hide_from_rx,criteria partially sourced; product dose/duration still required,ดอกหญ้าหอม+เพเพอร์มิ้นต์+เซจ ออยล์+เทียนสัตบุษย์+ไพน์ นีดเดิล ออยล์+เบอร์กามอต ออยล์+ยูคาลิปทอล,requires product-specific dose/frequency and allergy alternative evidence before antibiotic gate can unlock,RX2,,False,False,,,BDS002411,False,,cdc_adult_outpatient_antibiotic_2024,bacterial criteria; source-backed dose; duration; safety gate
,True,abx_151eb17c0f07,False,,True,Amoxicillin and penicillin remain first-line therapy due to reliable activity against GAS; recommended oral beta-lactam course is 10 days.,bacterial_pharyngitis_alt_adult,5 days,source_missing_hide_from_rx,criteria partially sourced; product dose/duration still required,Roxithromycin 150 mg.,requires product-specific dose/frequency and allergy alternative evidence before antibiotic gate can unlock,RX1,,False,False,,,BDS007066,False,,cdc_adult_outpatient_antibiotic_2024,bacterial criteria; source-backed dose; duration; safety gate
,True,abx_45d4a1d8079c,False,,True,Amoxicillin and penicillin remain first-line therapy due to reliable activity against GAS; recommended oral beta-lactam course is 10 days.,bacterial_pharyngitis_alt_adult,5 days,source_missing_hide_from_rx,criteria partially sourced; product dose/duration still required,ดอกหญ้าหอม+เพเพอร์มิ้นต์+เซจ ออยล์+เทียนสัตบุษย์+ไพน์ นีดเดิล ออยล์+เบอร์กามอต ออยล์+ยูคาลิปทอล,requires product-specific dose/frequency and allergy alternative evidence before antibiotic gate can unlock,RX2,,False,False,,,BDS002411,False,,cdc_adult_outpatient_antibiotic_2024,bacterial criteria; source-backed dose; duration; safety gate
,False,abx_b05565bc2d06,False,,True,,topical_fusidic_support_adult,5 days,source_missing_hide_from_rx,,Gentamicin 1 mg./1 g.,,SWAP1,,False,False,,,BDS002003,False,,,bacterial criteria; source-backed dose; duration; safety gate
,False,abx_2aee6014504e,False,,True,,topical_fusidic_support_adult,5 days,source_missing_hide_from_rx,,Gentamicin 1 mg./1 g.,,SWAP1,,False,False,,,BDS002003,False,,,bacterial criteria; source-backed dose; duration; safety gate
,False,abx_a05aa338c185,False,,True,,topical_fusidic_support_adult,5 days,source_missing_hide_from_rx,,Gentamicin 1 mg./1 g.,,SWAP1,,False,False,,,BDS002003,False,,,bacterial criteria; source-backed dose; duration; safety gate
,False,abx_77e6d303d0ba,False,,True,,uncomplicated_uti_alt_cipro_adult,5 days,source_missing_hide_from_rx,,Ciprofloxacin 500 mg.,,RX1,,False,False,,,BDS001496,False,,,bacterial criteria; source-backed dose; duration; safety gate
,False,abx_0756271dcb96,False,,True,,uncomplicated_uti_alt_cipro_adult,5 days,source_missing_hide_from_rx,,Ciprofloxacin 500 mg.,,RX1,,False,False,,,BDS001496,False,,,bacterial criteria; source-backed dose; duration; safety gate
,False,abx_9f54e1b2b48c,False,,True,,uncomplicated_uti_alt_cipro_adult,5 days,source_missing_hide_from_rx,,Ciprofloxacin 500 mg.,,RX1,,False,False,,,BDS001496,False,,,bacterial criteria; source-backed dose; duration; safety gate
,False,abx_ce80a2788a1e,False,,True,,dysuria_lower_uti_adult,5 days,source_missing_hide_from_rx,,Norfloxacin 400 mg.,,RX1,,False,False,,,BDS007591,False,,,bacterial criteria; source-backed dose; duration; safety gate
,False,abx_7e84b5f8142a,False,,True,,dysuria_lower_uti_adult,5 days,source_missing_hide_from_rx,,Norfloxacin 400 mg.,,RX1,,False,False,,,BDS007591,False,,,bacterial criteria; source-backed dose; duration; safety gate
,False,abx_5714b48e2f6e,False,,True,,dysuria_lower_uti_adult,5 days,source_missing_hide_from_rx,,Norfloxacin 400 mg.,,RX1,,False,False,,,BDS007591,False,,,bacterial criteria; source-backed dose; duration; safety gate
,False,abx_dea01b37cdc1,False,,True,,frequency_urgency_uti_adult,5 days,source_missing_hide_from_rx,,Norfloxacin 400 mg.,,RX1,,False,False,,,BDS007591,False,,,bacterial criteria; source-backed dose; duration; safety gate
,False,abx_4f3edd113872,False,,True,,frequency_urgency_uti_adult,5 days,source_missing_hide_from_rx,,Norfloxacin 400 mg.,,RX1,,False,False,,,BDS007591,False,,,bacterial criteria; source-backed dose; duration; safety gate
,False,abx_033efc780011,False,,True,,frequency_urgency_uti_adult,5 days,source_missing_hide_from_rx,,Norfloxacin 400 mg.,,RX1,,False,False,,,BDS007591,False,,,bacterial criteria; source-backed dose; duration; safety gate
,False,abx_8fc17be01ded,False,,True,,dental_abscess_support_adult,5 days,source_missing_hide_from_rx,,Amoxicillin 875 mg.+Clavulanic Acid 125 mg.,,RX1,,False,False,,,BDS001103,False,,,bacterial criteria; source-backed dose; duration; safety gate
,False,abx_10433f077d04,False,,True,,dental_abscess_support_adult,5 days,source_missing_hide_from_rx,,Amoxicillin 875 mg.+Clavulanic Acid 125 mg.,,RX1,,False,False,,,BDS001103,False,,,bacterial criteria; source-backed dose; duration; safety gate
,False,abx_2485e7b78498,False,,True,,dental_abscess_support_adult,5 days,source_missing_hide_from_rx,,Amoxicillin 875 mg.+Clavulanic Acid 125 mg.,,RX1,,False,False,,,BDS001103,False,,,bacterial criteria; source-backed dose; duration; safety gate
,False,abx_26773a176962,False,,True,,tinea_pruritic_rash_adult,,source_missing_hide_from_rx,,Clotrimazole + Betamethasone Dipropionate w/w,topical antifungal product dose/duration source is required before additional tinea rows unlock,,,False,False,,,BDS001491,True,,cdc_ringworm_hcp_2024,bacterial criteria; source-backed dose; duration; safety gate
,False,abx_1daa87fc23d2,False,,True,,minor_skin_infection_topical_adult,,source_missing_hide_from_rx,,Gentamicin,,,,False,False,,,BDS002003,False,,,bacterial criteria; source-backed dose; duration; safety gate
,True,abx_cc120aebd1bd,False,,True,"Diagnose acute bacterial rhinosinusitis based on severe, persistent, or worsening symptoms; amoxicillin or amoxicillin/clavulanate are first-line.",bacterial_sinusitis_adult,,source_missing_hide_from_rx,criteria partially sourced; product dose/duration still required,Amoxicillin + Clavulanic Acid,requires exact dose/frequency/duration and patient exclusion criteria before antibiotic gate can unlock,,,False,False,,,BDS001103,False,,cdc_adult_outpatient_antibiotic_2024,bacterial criteria; source-backed dose; duration; safety gate
,True,abx_32055332971a,False,,True,Amoxicillin and penicillin remain first-line therapy due to reliable activity against GAS; recommended oral beta-lactam course is 10 days.,bacterial_pharyngitis_adult,,source_missing_hide_from_rx,criteria partially sourced; product dose/duration still required,Amoxicillin,requires product-specific dose/frequency and allergy alternative evidence before antibiotic gate can unlock,,,False,False,,,BDS002201,False,,cdc_adult_outpatient_antibiotic_2024,bacterial criteria; source-backed dose; duration; safety gate
,False,abx_b175e8243fcb,False,,True,,tinea_corporis_localized_adult,,source_missing_hide_from_rx,,Clotrimazole + Betamethasone Dipropionate w/w,topical antifungal product dose/duration source is required before additional tinea rows unlock,,,False,False,,,BDS001491,True,,cdc_ringworm_hcp_2024; fda_otc_topical_antifungal_monograph_2021,bacterial criteria; source-backed dose; duration; safety gate
,False,abx_7e0dcc12c0ed,False,,True,,impetigo_localized_adult,,source_missing_hide_from_rx,,Gentamicin,,,,False,False,,,BDS002003,False,,,bacterial criteria; source-backed dose; duration; safety gate
,False,abx_2797755b7b69,False,,True,,impetigo_localized_adult,,source_missing_hide_from_rx,,Amoxicillin,,,,False,False,,,BDS002201,False,,,bacterial criteria; source-backed dose; duration; safety gate
,False,abx_27d28ae713f1,False,,True,,minor_wound_care_adult,,source_missing_hide_from_rx,,Gentamicin,,,,False,False,,,BDS002003,False,,,bacterial criteria; source-backed dose; duration; safety gate
,False,abx_f246266057ea,False,,True,,superficial_abrasion_adult,,source_missing_hide_from_rx,,Gentamicin,,,,False,False,,,BDS002003,False,,,bacterial criteria; source-backed dose; duration; safety gate
,False,abx_d7646b63da6a,False,,True,,minor_cut_wound_care_adult,,source_missing_hide_from_rx,,Gentamicin,,,,False,False,,,BDS002003,False,,,bacterial criteria; source-backed dose; duration; safety gate
,True,abx_8e1c565ee9fd,False,,True,"Mild bacterial pink eye may get better without antibiotics; antibiotics may be necessary with pus, immunocompromise, or suspected certain bacteria.",bacterial_conjunctivitis_adult,,source_missing_hide_from_rx,criteria partially sourced; product dose/duration still required,Chloramphenicol,"requires exact topical antibiotic product, dose/frequency/duration, and eye red-flag exclusion before gate can unlock",,,False,False,,,BDS001437,True,,cdc_conjunctivitis_hcp_2024; cdc_conjunctivitis_treatment_2024,bacterial criteria; source-backed dose; duration; safety gate
,True,abx_6fcdae1e32b6,False,,True,"Mild bacterial pink eye may get better without antibiotics; antibiotics may be necessary with pus, immunocompromise, or suspected certain bacteria.",bacterial_conjunctivitis_adult,,source_missing_hide_from_rx,criteria partially sourced; product dose/duration still required,Fusidic acid + Preservative,"requires exact topical antibiotic product, dose/frequency/duration, and eye red-flag exclusion before gate can unlock",,,False,False,,,BDS001847,True,,cdc_conjunctivitis_hcp_2024; cdc_conjunctivitis_treatment_2024,bacterial criteria; source-backed dose; duration; safety gate
,True,abx_cc016d022788,False,,True,"Mild bacterial pink eye may get better without antibiotics; antibiotics may be necessary with pus, immunocompromise, or suspected certain bacteria.",bacterial_conjunctivitis_adult,,source_missing_hide_from_rx,criteria partially sourced; product dose/duration still required,Oxytetracycline HCl + Polymyxin B Sulfate 10 + s,"requires exact topical antibiotic product, dose/frequency/duration, and eye red-flag exclusion before gate can unlock",,,False,False,,,BDS003721,True,,cdc_conjunctivitis_hcp_2024; cdc_conjunctivitis_treatment_2024,bacterial criteria; source-backed dose; duration; safety gate
,True,abx_678f9227c93a,False,,True,"Bacterial conjunctivitis symptoms include purulent discharge causing matted eyelids, chemosis, decreased vision, eyelid swelling, and pain.",bacterial_conjunctivitis_peds,,source_missing_hide_from_rx,criteria partially sourced; product dose/duration still required,Chloramphenicol,"criteria can triage bacterial pattern, but product dose/duration source is still required",,,False,False,,,BDS001437,True,,cdc_conjunctivitis_hcp_2024,bacterial criteria; source-backed dose; duration; safety gate
,True,abx_f94691216337,False,,True,"Bacterial conjunctivitis symptoms include purulent discharge causing matted eyelids, chemosis, decreased vision, eyelid swelling, and pain.",bacterial_conjunctivitis_peds,,source_missing_hide_from_rx,criteria partially sourced; product dose/duration still required,Fusidic acid + Preservative,"criteria can triage bacterial pattern, but product dose/duration source is still required",,,False,False,,,BDS001847,True,,cdc_conjunctivitis_hcp_2024,bacterial criteria; source-backed dose; duration; safety gate
,False,abx_d2285ee6ad5f,False,,True,,bacterial_eyelid_infection_adult,,source_missing_hide_from_rx,,Oxytetracycline HCl + Polymyxin B Sulfate 10 + s,,,,False,False,,,BDS003721,False,,,bacterial criteria; source-backed dose; duration; safety gate
,False,abx_2610b8505038,False,,True,,bacterial_eyelid_infection_adult,,source_missing_hide_from_rx,,Fusidic acid + Preservative,,,,False,False,,,BDS001847,False,,,bacterial criteria; source-backed dose; duration; safety gate
,False,abx_45917a2a05ec,False,,True,,bacterial_eyelid_infection_peds,,source_missing_hide_from_rx,,Oxytetracycline HCl + Polymyxin B Sulfate 10 + s,,,,False,False,,,BDS003721,False,,,bacterial criteria; source-backed dose; duration; safety gate
,False,abx_23917b6327f1,False,,True,,bacterial_eyelid_infection_peds,,source_missing_hide_from_rx,,Fusidic acid + Preservative,,,,False,False,,,BDS001847,False,,,bacterial criteria; source-backed dose; duration; safety gate
,False,abx_eaf248ecd619,False,,True,,bacterial_sinusitis_peds,,source_missing_hide_from_rx,,Amoxicillin + Clavulanic Acid,,,,False,False,,,BDS001047,False,,,bacterial criteria; source-backed dose; duration; safety gate
,False,abx_ab24f1b8680f,False,,True,,bacterial_pharyngitis_peds,,source_missing_hide_from_rx,,Amoxicillin + Clavulanic Acid,,,,False,False,,,BDS001046,False,,,bacterial criteria; source-backed dose; duration; safety gate
,False,abx_ed8e6a243791,False,,True,,macrolide_respiratory_bacterial_adult,,source_missing_hide_from_rx,,Roxithromycin,,,,False,False,,,BDS007066,False,,,bacterial criteria; source-backed dose; duration; safety gate
,False,abx_a3cccd1a8a41,False,,True,,dental_infection_support_adult,,source_missing_hide_from_rx,,Amoxicillin + Clavulanic Acid,,,,False,False,,,BDS001103,False,,,bacterial criteria; source-backed dose; duration; safety gate
,False,abx_e0ba03169c25,False,,True,,infected_insect_bite_adult,,source_missing_hide_from_rx,,Amoxicillin,,,,False,False,,,BDS002201,False,,,bacterial criteria; source-backed dose; duration; safety gate
,False,abx_920a5c09e053,False,,True,,infected_insect_bite_peds,,source_missing_hide_from_rx,,Amoxicillin + Clavulanic Acid,,,,False,False,,,BDS001046,False,,,bacterial criteria; source-backed dose; duration; safety gate
,False,abx_1231b4d17e12,False,,True,,cellulitis_mild_adult,,source_missing_hide_from_rx,,Amoxicillin + Clavulanic Acid,,,,False,False,,,BDS001103,False,,,bacterial criteria; source-backed dose; duration; safety gate
,False,abx_f5e3badabcf0,False,,True,,impetigo_oral_antibiotic_adult,,source_missing_hide_from_rx,,Amoxicillin,,,,False,False,,,BDS002201,False,,,bacterial criteria; source-backed dose; duration; safety gate
,False,abx_bc9b79a79bfc,False,,True,,impetigo_oral_antibiotic_adult,,source_missing_hide_from_rx,,Fusidic acid,,,,False,False,,,BDS001991,False,,,bacterial criteria; source-backed dose; duration; safety gate
,False,abx_23b40b8aba90,False,,True,,localized_folliculitis_adult,,source_missing_hide_from_rx,,Amoxicillin,,,,False,False,,,BDS002201,False,,,bacterial criteria; source-backed dose; duration; safety gate
,False,abx_6d3c3e8958d8,False,,True,,infected_abrasion_adult,,source_missing_hide_from_rx,,Amoxicillin,,,,False,False,,,BDS002201,False,,,bacterial criteria; source-backed dose; duration; safety gate
,False,abx_9dd66c263a28,False,,True,,infected_eczema_localized_adult,,source_missing_hide_from_rx,,Fusidic acid + Hydrocortisone Acetate + อื่นๆ,,,,False,False,,,BDS001910,False,,,bacterial criteria; source-backed dose; duration; safety gate
,False,abx_c4d398832b8a,False,,True,,infected_eczema_localized_adult,,source_missing_hide_from_rx,,Fusidic acid + Betamethasone Valerate + Preservative,,,,False,False,,,BDS001908,False,,,bacterial criteria; source-backed dose; duration; safety gate
,False,abx_d48a4137b021,False,,True,,uncomplicated_uti_adult,,source_missing_hide_from_rx,,Norfloxacin,,,,False,False,,,BDS007591,False,,,bacterial criteria; source-backed dose; duration; safety gate
,True,abx_5b07d2d681f4,False,,True,"Mild bacterial pink eye may get better without antibiotics; antibiotics may be necessary with pus, immunocompromise, or suspected certain bacteria.",topical_eye_antibiotic_support_adult,,source_missing_hide_from_rx,criteria partially sourced; product dose/duration still required,Chloramphenicol,"requires exact topical antibiotic product, dose/frequency/duration, and eye red-flag exclusion before gate can unlock",,,False,False,,,BDS001437,False,,cdc_conjunctivitis_treatment_2024,bacterial criteria; source-backed dose; duration; safety gate
,True,abx_775bcb27d0ff,False,,True,"Mild bacterial pink eye may get better without antibiotics; antibiotics may be necessary with pus, immunocompromise, or suspected certain bacteria.",topical_eye_antibiotic_support_adult,,source_missing_hide_from_rx,criteria partially sourced; product dose/duration still required,Fusidic acid + Preservative,"requires exact topical antibiotic product, dose/frequency/duration, and eye red-flag exclusion before gate can unlock",,,False,False,,,BDS001847,False,,cdc_conjunctivitis_treatment_2024,bacterial criteria; source-backed dose; duration; safety gate
,True,abx_c87a92d81f44,False,,True,"Mild bacterial pink eye may get better without antibiotics; antibiotics may be necessary with pus, immunocompromise, or suspected certain bacteria.",topical_eye_antibiotic_support_adult,,source_missing_hide_from_rx,criteria partially sourced; product dose/duration still required,Oxytetracycline HCl + Polymyxin B Sulfate 10 + s,"requires exact topical antibiotic product, dose/frequency/duration, and eye red-flag exclusion before gate can unlock",,,False,False,,,BDS003721,False,,cdc_conjunctivitis_treatment_2024,bacterial criteria; source-backed dose; duration; safety gate
,False,abx_1d46aee43399,False,,True,,infected_wound_oral_antibiotic_adult,,source_missing_hide_from_rx,,Amoxicillin + Clavulanic Acid,,,,False,False,,,BDS001103,False,,,bacterial criteria; source-backed dose; duration; safety gate
,False,abx_c1278ca9016f,False,,True,,infected_wound_oral_antibiotic_adult,,source_missing_hide_from_rx,,Povidone-Iodine USP w/v,,,,False,False,,,BDS001238,False,,,bacterial criteria; source-backed dose; duration; safety gate
,False,abx_daa974f861f1,False,,True,,penicillin_allergy_resp_support_adult,,source_missing_hide_from_rx,,Roxithromycin,,,,False,False,,,BDS007066,False,,,bacterial criteria; source-backed dose; duration; safety gate
,True,abx_13671b4f5bff,False,,True,"Diagnose acute bacterial rhinosinusitis based on severe, persistent, or worsening symptoms; amoxicillin or amoxicillin/clavulanate are first-line.",bacterial_sinusitis_alt_adult,,source_missing_hide_from_rx,criteria partially sourced; product dose/duration still required,Roxithromycin,requires exact dose/frequency/duration and patient exclusion criteria before antibiotic gate can unlock,,,False,False,,,BDS007066,False,,cdc_adult_outpatient_antibiotic_2024,bacterial criteria; source-backed dose; duration; safety gate
,True,abx_9c20506d9ff6,False,,True,Amoxicillin and penicillin remain first-line therapy due to reliable activity against GAS; recommended oral beta-lactam course is 10 days.,bacterial_pharyngitis_alt_adult,,source_missing_hide_from_rx,criteria partially sourced; product dose/duration still required,Roxithromycin,requires product-specific dose/frequency and allergy alternative evidence before antibiotic gate can unlock,,,False,False,,,BDS007066,False,,cdc_adult_outpatient_antibiotic_2024,bacterial criteria; source-backed dose; duration; safety gate
,False,abx_be18a9a55fc7,False,,True,,topical_fusidic_support_adult,,source_missing_hide_from_rx,,Gentamicin,,,,False,False,,,BDS002003,False,,,bacterial criteria; source-backed dose; duration; safety gate
,False,abx_2dca3bce3b6c,False,,True,,vaginal_mixed_infection_adult,,source_missing_hide_from_rx,,Nystatin 100 + s + Chloramphenicol + Diiodohydroxyguin,,,,False,False,,,BDS008491,False,,,bacterial criteria; source-backed dose; duration; safety gate
,False,abx_134a5fdee75a,False,,True,,vaginal_discharge_support_adult,,source_missing_hide_from_rx,,Nystatin 100 + s + Chloramphenicol + Diiodohydroxyguin,,,,False,False,,,BDS008491,False,,,bacterial criteria; source-backed dose; duration; safety gate
,False,abx_f5c42db0ed90,False,,True,,uncomplicated_uti_alt_cipro_adult,,source_missing_hide_from_rx,,Ciprofloxacin,,,,False,False,,,BDS001496,False,,,bacterial criteria; source-backed dose; duration; safety gate
,False,abx_2040083b1dd2,False,,True,,dysuria_lower_uti_adult,,source_missing_hide_from_rx,,Norfloxacin,,,,False,False,,,BDS007591,False,,,bacterial criteria; source-backed dose; duration; safety gate
,False,abx_bdfd7d0870d6,False,,True,,frequency_urgency_uti_adult,,source_missing_hide_from_rx,,Norfloxacin,,,,False,False,,,BDS007591,False,,,bacterial criteria; source-backed dose; duration; safety gate
,False,abx_11f5e118c640,False,,True,,dental_abscess_support_adult,,source_missing_hide_from_rx,,Amoxicillin + Clavulanic Acid,,,,False,False,,,BDS001103,False,,,bacterial criteria; source-backed dose; duration; safety gate
