product_id,generic_name,status,reason,source_title,source_url,missing_fields
BDS040614,Paracetamol,no_exact_dailymed_label_match,No accessible DailyMed result matched generic plus strength/form sufficiently for product-level acceptance.,,,
BDS007047,Paracetamol,no_exact_dailymed_label_match,No accessible DailyMed result matched generic plus strength/form sufficiently for product-level acceptance.,,,
BDS007041,Paracetamol,no_exact_dailymed_label_match,No accessible DailyMed result matched generic plus strength/form sufficiently for product-level acceptance.,,,
BDS046505,Paracetamol,no_exact_dailymed_label_match,No accessible DailyMed result matched generic plus strength/form sufficiently for product-level acceptance.,,,
BDS003109,Paracetamol,no_exact_dailymed_label_match,No accessible DailyMed result matched generic plus strength/form sufficiently for product-level acceptance.,,,
BDS003595,Paracetamol,no_exact_dailymed_label_match,No accessible DailyMed result matched generic plus strength/form sufficiently for product-level acceptance.,,,
BDS003764,Paracetamol,no_exact_dailymed_label_match,No accessible DailyMed result matched generic plus strength/form sufficiently for product-level acceptance.,,,
BDS003748,Paracetamol,no_exact_dailymed_label_match,No accessible DailyMed result matched generic plus strength/form sufficiently for product-level acceptance.,,,
BDS008609,Paracetamol,no_exact_dailymed_label_match,No accessible DailyMed result matched generic plus strength/form sufficiently for product-level acceptance.,,,
BDS002407,Paracetamol,no_exact_dailymed_label_match,No accessible DailyMed result matched generic plus strength/form sufficiently for product-level acceptance.,,,
BDS007583,Paracetamol,no_exact_dailymed_label_match,No accessible DailyMed result matched generic plus strength/form sufficiently for product-level acceptance.,,,
BDS002861,Paracetamol,no_exact_dailymed_label_match,No accessible DailyMed result matched generic plus strength/form sufficiently for product-level acceptance.,,,
BDS002847,Paracetamol,no_exact_dailymed_label_match,No accessible DailyMed result matched generic plus strength/form sufficiently for product-level acceptance.,,,
BDS008137,Paracetamol,no_exact_dailymed_label_match,No accessible DailyMed result matched generic plus strength/form sufficiently for product-level acceptance.,,,
BDS003597,Paracetamol,no_exact_dailymed_label_match,No accessible DailyMed result matched generic plus strength/form sufficiently for product-level acceptance.,,,
BDS003596,Paracetamol,no_exact_dailymed_label_match,No accessible DailyMed result matched generic plus strength/form sufficiently for product-level acceptance.,,,
BDS003504,Paracetamol,no_exact_dailymed_label_match,No accessible DailyMed result matched generic plus strength/form sufficiently for product-level acceptance.,,,
BDS003600,Paracetamol,no_exact_dailymed_label_match,No accessible DailyMed result matched generic plus strength/form sufficiently for product-level acceptance.,,,
BDS003711,Paracetamol,no_exact_dailymed_label_match,No accessible DailyMed result matched generic plus strength/form sufficiently for product-level acceptance.,,,
BDS003712,Paracetamol,no_exact_dailymed_label_match,No accessible DailyMed result matched generic plus strength/form sufficiently for product-level acceptance.,,,
BDS048670,Paracetamol,no_exact_dailymed_label_match,No accessible DailyMed result matched generic plus strength/form sufficiently for product-level acceptance.,,,
BDS003713,Paracetamol,no_exact_dailymed_label_match,No accessible DailyMed result matched generic plus strength/form sufficiently for product-level acceptance.,,,
BDS003737,Paracetamol,no_exact_dailymed_label_match,No accessible DailyMed result matched generic plus strength/form sufficiently for product-level acceptance.,,,
BDS003763,Paracetamol,no_exact_dailymed_label_match,No accessible DailyMed result matched generic plus strength/form sufficiently for product-level acceptance.,,,
BDS040613,Paracetamol,no_exact_dailymed_label_match,No accessible DailyMed result matched generic plus strength/form sufficiently for product-level acceptance.,,,
BDS007044,Paracetamol,no_exact_dailymed_label_match,No accessible DailyMed result matched generic plus strength/form sufficiently for product-level acceptance.,,,
BDS003108,Paracetamol,no_exact_dailymed_label_match,No accessible DailyMed result matched generic plus strength/form sufficiently for product-level acceptance.,,,
BDS003503,Paracetamol,no_exact_dailymed_label_match,No accessible DailyMed result matched generic plus strength/form sufficiently for product-level acceptance.,,,
BDS003654,Paracetamol,no_exact_dailymed_label_match,No accessible DailyMed result matched generic plus strength/form sufficiently for product-level acceptance.,,,
BDS003762,Paracetamol,no_exact_dailymed_label_match,No accessible DailyMed result matched generic plus strength/form sufficiently for product-level acceptance.,,,
BDS003753,Paracetamol,no_exact_dailymed_label_match,No accessible DailyMed result matched generic plus strength/form sufficiently for product-level acceptance.,,,
BDS041402,Diclofenac Potassium,no_exact_dailymed_label_match,No accessible DailyMed result matched generic plus strength/form sufficiently for product-level acceptance.,,,
BDS007035,Diclofenac Potassium,no_exact_dailymed_label_match,No accessible DailyMed result matched generic plus strength/form sufficiently for product-level acceptance.,,,
BDS001822,Diclofenac Sodium,no_exact_dailymed_label_match,No accessible DailyMed result matched generic plus strength/form sufficiently for product-level acceptance.,,,
BDS001824,Diclofenac Sodium,no_exact_dailymed_label_match,No accessible DailyMed result matched generic plus strength/form sufficiently for product-level acceptance.,,,
BDS003599,Diclofenac Sodium,no_exact_dailymed_label_match,No accessible DailyMed result matched generic plus strength/form sufficiently for product-level acceptance.,,,
BDS049251,Diclofenac Sodium,no_exact_dailymed_label_match,No accessible DailyMed result matched generic plus strength/form sufficiently for product-level acceptance.,,,
BDS004052,Diclofenac Sodium,no_exact_dailymed_label_match,No accessible DailyMed result matched generic plus strength/form sufficiently for product-level acceptance.,,,
BDS004041,Diclofenac Sodium,no_exact_dailymed_label_match,No accessible DailyMed result matched generic plus strength/form sufficiently for product-level acceptance.,,,
BDS007574,Diclofenac Sodium,no_exact_dailymed_label_match,No accessible DailyMed result matched generic plus strength/form sufficiently for product-level acceptance.,,,
BDS007575,Diclofenac Sodium,no_exact_dailymed_label_match,No accessible DailyMed result matched generic plus strength/form sufficiently for product-level acceptance.,,,
BDS006730,Diclofenac Sodium,no_exact_dailymed_label_match,No accessible DailyMed result matched generic plus strength/form sufficiently for product-level acceptance.,,,
BDS006814,Diclofenac Sodium,no_exact_dailymed_label_match,No accessible DailyMed result matched generic plus strength/form sufficiently for product-level acceptance.,,,
BDS046515,Diclofenac Sodium,no_exact_dailymed_label_match,No accessible DailyMed result matched generic plus strength/form sufficiently for product-level acceptance.,,,
BDS004043,Diclofenac Sodium,no_exact_dailymed_label_match,No accessible DailyMed result matched generic plus strength/form sufficiently for product-level acceptance.,,,
BDS004042,Diclofenac Sodium,no_exact_dailymed_label_match,No accessible DailyMed result matched generic plus strength/form sufficiently for product-level acceptance.,,,
BDS004044,Diclofenac Sodium,no_exact_dailymed_label_match,No accessible DailyMed result matched generic plus strength/form sufficiently for product-level acceptance.,,,
BDS001057,Triamcinolone Acetonide,no_exact_dailymed_label_match,No accessible DailyMed result matched generic plus strength/form sufficiently for product-level acceptance.,,,
BDS003719,Triamcinolone Acetonide,no_exact_dailymed_label_match,No accessible DailyMed result matched generic plus strength/form sufficiently for product-level acceptance.,,,
BDS003773,Triamcinolone Acetonide,label_matched_but_missing_required_safety_snippets,,TRIADERMEX (TRIAMCINOLONE ACETONIDE) KIT [FLORRAX PHARMACEUTICAL],https://dailymed.nlm.nih.gov/dailymed/drugInfo.cfm?setid=3bda5cd1-df3c-4b4c-9868-cbc41f66f5a6,precaution; major_interaction; pregnancy_lactation
BDS003773,Triamcinolone Acetonide,no_exact_dailymed_label_match,No accessible DailyMed result matched generic plus strength/form sufficiently for product-level acceptance.,,,
BDS003780,Triamcinolone Acetonide,label_matched_but_missing_required_safety_snippets,,TRIADERMEX (TRIAMCINOLONE ACETONIDE) KIT [FLORRAX PHARMACEUTICAL],https://dailymed.nlm.nih.gov/dailymed/drugInfo.cfm?setid=3bda5cd1-df3c-4b4c-9868-cbc41f66f5a6,precaution; major_interaction; pregnancy_lactation
BDS003780,Triamcinolone Acetonide,no_exact_dailymed_label_match,No accessible DailyMed result matched generic plus strength/form sufficiently for product-level acceptance.,,,
BDS007775,Triamcinolone Acetonide,no_exact_dailymed_label_match,No accessible DailyMed result matched generic plus strength/form sufficiently for product-level acceptance.,,,
BDS007776,Triamcinolone Acetonide,label_matched_but_missing_required_safety_snippets,,TRIADERMEX (TRIAMCINOLONE ACETONIDE) KIT [FLORRAX PHARMACEUTICAL],https://dailymed.nlm.nih.gov/dailymed/drugInfo.cfm?setid=3bda5cd1-df3c-4b4c-9868-cbc41f66f5a6,precaution; major_interaction; pregnancy_lactation
BDS007776,Triamcinolone Acetonide,no_exact_dailymed_label_match,No accessible DailyMed result matched generic plus strength/form sufficiently for product-level acceptance.,,,
BDS007549,Triamcinolone Acetonide,label_matched_but_missing_required_safety_snippets,,TRIADERMEX (TRIAMCINOLONE ACETONIDE) KIT [FLORRAX PHARMACEUTICAL],https://dailymed.nlm.nih.gov/dailymed/drugInfo.cfm?setid=3bda5cd1-df3c-4b4c-9868-cbc41f66f5a6,precaution; major_interaction; pregnancy_lactation
BDS007549,Triamcinolone Acetonide,no_exact_dailymed_label_match,No accessible DailyMed result matched generic plus strength/form sufficiently for product-level acceptance.,,,
BDS007548,Triamcinolone Acetonide,label_matched_but_missing_required_safety_snippets,,TRIADERMEX (TRIAMCINOLONE ACETONIDE) KIT [FLORRAX PHARMACEUTICAL],https://dailymed.nlm.nih.gov/dailymed/drugInfo.cfm?setid=3bda5cd1-df3c-4b4c-9868-cbc41f66f5a6,precaution; major_interaction; pregnancy_lactation
BDS007548,Triamcinolone Acetonide,no_exact_dailymed_label_match,No accessible DailyMed result matched generic plus strength/form sufficiently for product-level acceptance.,,,
BDS003751,Triamcinolone Acetonide,label_matched_but_missing_required_safety_snippets,,TRIADERMEX (TRIAMCINOLONE ACETONIDE) KIT [FLORRAX PHARMACEUTICAL],https://dailymed.nlm.nih.gov/dailymed/drugInfo.cfm?setid=3bda5cd1-df3c-4b4c-9868-cbc41f66f5a6,precaution; major_interaction; pregnancy_lactation
BDS003751,Triamcinolone Acetonide,no_exact_dailymed_label_match,No accessible DailyMed result matched generic plus strength/form sufficiently for product-level acceptance.,,,
BDS003750,Triamcinolone Acetonide,label_matched_but_missing_required_safety_snippets,,TRIADERMEX (TRIAMCINOLONE ACETONIDE) KIT [FLORRAX PHARMACEUTICAL],https://dailymed.nlm.nih.gov/dailymed/drugInfo.cfm?setid=3bda5cd1-df3c-4b4c-9868-cbc41f66f5a6,precaution; major_interaction; pregnancy_lactation
BDS003750,Triamcinolone Acetonide,no_exact_dailymed_label_match,No accessible DailyMed result matched generic plus strength/form sufficiently for product-level acceptance.,,,
BDS007547,Triamcinolone Acetonide,label_matched_but_missing_required_safety_snippets,,TRIADERMEX (TRIAMCINOLONE ACETONIDE) KIT [FLORRAX PHARMACEUTICAL],https://dailymed.nlm.nih.gov/dailymed/drugInfo.cfm?setid=3bda5cd1-df3c-4b4c-9868-cbc41f66f5a6,precaution; major_interaction; pregnancy_lactation
BDS007547,Triamcinolone Acetonide,no_exact_dailymed_label_match,No accessible DailyMed result matched generic plus strength/form sufficiently for product-level acceptance.,,,
BDS007551,Triamcinolone Acetonide,label_matched_but_missing_required_safety_snippets,,TRIADERMEX (TRIAMCINOLONE ACETONIDE) KIT [FLORRAX PHARMACEUTICAL],https://dailymed.nlm.nih.gov/dailymed/drugInfo.cfm?setid=3bda5cd1-df3c-4b4c-9868-cbc41f66f5a6,precaution; major_interaction; pregnancy_lactation
BDS007551,Triamcinolone Acetonide,no_exact_dailymed_label_match,No accessible DailyMed result matched generic plus strength/form sufficiently for product-level acceptance.,,,
BDS048630,Triamcinolone Acetonide,label_matched_but_missing_required_safety_snippets,,TRIADERMEX (TRIAMCINOLONE ACETONIDE) KIT [FLORRAX PHARMACEUTICAL],https://dailymed.nlm.nih.gov/dailymed/drugInfo.cfm?setid=3bda5cd1-df3c-4b4c-9868-cbc41f66f5a6,precaution; major_interaction; pregnancy_lactation
BDS048630,Triamcinolone Acetonide,no_exact_dailymed_label_match,No accessible DailyMed result matched generic plus strength/form sufficiently for product-level acceptance.,,,
BDS007001,Acyclovir,no_exact_dailymed_label_match,No accessible DailyMed result matched generic plus strength/form sufficiently for product-level acceptance.,,,
BDS004046,Acyclovir,no_exact_dailymed_label_match,No accessible DailyMed result matched generic plus strength/form sufficiently for product-level acceptance.,,,
BDS004020,Acyclovir,no_exact_dailymed_label_match,No accessible DailyMed result matched generic plus strength/form sufficiently for product-level acceptance.,,,
BDS004216,Acyclovir,no_exact_dailymed_label_match,No accessible DailyMed result matched generic plus strength/form sufficiently for product-level acceptance.,,,
BDS003581,Ibuprofen,no_exact_dailymed_label_match,No accessible DailyMed result matched generic plus strength/form sufficiently for product-level acceptance.,,,
BDS040016,Ibuprofen,no_exact_dailymed_label_match,No accessible DailyMed result matched generic plus strength/form sufficiently for product-level acceptance.,,,
BDS040623,Ibuprofen,no_exact_dailymed_label_match,No accessible DailyMed result matched generic plus strength/form sufficiently for product-level acceptance.,,,
BDS007040,Ibuprofen,no_exact_dailymed_label_match,No accessible DailyMed result matched generic plus strength/form sufficiently for product-level acceptance.,,,
BDS001618,Ibuprofen,no_exact_dailymed_label_match,No accessible DailyMed result matched generic plus strength/form sufficiently for product-level acceptance.,,,
BDS002036,Ibuprofen,no_exact_dailymed_label_match,No accessible DailyMed result matched generic plus strength/form sufficiently for product-level acceptance.,,,
BDS045600,Ibuprofen,no_exact_dailymed_label_match,No accessible DailyMed result matched generic plus strength/form sufficiently for product-level acceptance.,,,
BDS002846,Ibuprofen,no_exact_dailymed_label_match,No accessible DailyMed result matched generic plus strength/form sufficiently for product-level acceptance.,,,
BDS047673,Ibuprofen,no_exact_dailymed_label_match,No accessible DailyMed result matched generic plus strength/form sufficiently for product-level acceptance.,,,
BDS001665,Ibuprofen,label_matched_but_missing_required_safety_snippets,,IBUPROFEN CHILDRENS (IBUPROFEN) SUSPENSION [FSA STORE INC. (CARING MILLS)],https://dailymed.nlm.nih.gov/dailymed/drugInfo.cfm?setid=e304f791-755d-4d11-a9f6-3d46ec84197f,pregnancy_lactation
BDS001665,Ibuprofen,no_exact_dailymed_label_match,No accessible DailyMed result matched generic plus strength/form sufficiently for product-level acceptance.,,,
BDS007151,Ibuprofen,label_matched_but_missing_required_safety_snippets,,IBUPROFEN CHILDRENS (IBUPROFEN) SUSPENSION [FSA STORE INC. (CARING MILLS)],https://dailymed.nlm.nih.gov/dailymed/drugInfo.cfm?setid=e304f791-755d-4d11-a9f6-3d46ec84197f,pregnancy_lactation
BDS007151,Ibuprofen,no_exact_dailymed_label_match,No accessible DailyMed result matched generic plus strength/form sufficiently for product-level acceptance.,,,
BDS002845,Ibuprofen,label_matched_but_missing_required_safety_snippets,,IBUPROFEN CHILDRENS (IBUPROFEN) SUSPENSION [FSA STORE INC. (CARING MILLS)],https://dailymed.nlm.nih.gov/dailymed/drugInfo.cfm?setid=e304f791-755d-4d11-a9f6-3d46ec84197f,pregnancy_lactation
BDS002845,Ibuprofen,no_exact_dailymed_label_match,No accessible DailyMed result matched generic plus strength/form sufficiently for product-level acceptance.,,,
BDS002655,Ambroxol HCl,no_exact_dailymed_label_match,No accessible DailyMed result matched generic plus strength/form sufficiently for product-level acceptance.,,,
BDS002643,Ambroxol HCl,no_exact_dailymed_label_match,No accessible DailyMed result matched generic plus strength/form sufficiently for product-level acceptance.,,,
BDS002639,Ambroxol HCl,no_exact_dailymed_label_match,No accessible DailyMed result matched generic plus strength/form sufficiently for product-level acceptance.,,,
BDS007742,Ambroxol HCl,no_exact_dailymed_label_match,No accessible DailyMed result matched generic plus strength/form sufficiently for product-level acceptance.,,,
BDS002691,Ambroxol HCl,no_exact_dailymed_label_match,No accessible DailyMed result matched generic plus strength/form sufficiently for product-level acceptance.,,,
BDS002654,Ambroxol HCl,no_exact_dailymed_label_match,No accessible DailyMed result matched generic plus strength/form sufficiently for product-level acceptance.,,,
BDS003591,Ambroxol HCl,no_exact_dailymed_label_match,No accessible DailyMed result matched generic plus strength/form sufficiently for product-level acceptance.,,,
BDS003642,Ambroxol HCl,no_exact_dailymed_label_match,No accessible DailyMed result matched generic plus strength/form sufficiently for product-level acceptance.,,,
BDS003641,Ambroxol HCl,no_exact_dailymed_label_match,No accessible DailyMed result matched generic plus strength/form sufficiently for product-level acceptance.,,,
BDS007196,Ambroxol HCl,no_exact_dailymed_label_match,No accessible DailyMed result matched generic plus strength/form sufficiently for product-level acceptance.,,,
BDS007601,Ambroxol HCl,no_exact_dailymed_label_match,No accessible DailyMed result matched generic plus strength/form sufficiently for product-level acceptance.,,,
BDS001531,Acetylcysteine,no_exact_dailymed_label_match,No accessible DailyMed result matched generic plus strength/form sufficiently for product-level acceptance.,,,
BDS043123,Acetylcysteine,label_matched_but_missing_required_safety_snippets,,"ACETYLCYSTEINE INJECTION, SOLUTION [GLENMARK PHARMACEUTICALS INC., USA]",https://dailymed.nlm.nih.gov/dailymed/drugInfo.cfm?setid=f811ddfc-d7c1-4637-ae81-80c38a77cb80,major_interaction
BDS043123,Acetylcysteine,no_exact_dailymed_label_match,No accessible DailyMed result matched generic plus strength/form sufficiently for product-level acceptance.,,,
BDS043124,Acetylcysteine,label_matched_but_missing_required_safety_snippets,,"ACETYLCYSTEINE INJECTION, SOLUTION [GLENMARK PHARMACEUTICALS INC., USA]",https://dailymed.nlm.nih.gov/dailymed/drugInfo.cfm?setid=f811ddfc-d7c1-4637-ae81-80c38a77cb80,major_interaction
BDS043124,Acetylcysteine,no_exact_dailymed_label_match,No accessible DailyMed result matched generic plus strength/form sufficiently for product-level acceptance.,,,
BDS043121,Acetylcysteine,no_exact_dailymed_label_match,No accessible DailyMed result matched generic plus strength/form sufficiently for product-level acceptance.,,,
BDS001936,Acetylcysteine,label_matched_but_missing_required_safety_snippets,,"ACETYLCYSTEINE INJECTION, SOLUTION [GLENMARK PHARMACEUTICALS INC., USA]",https://dailymed.nlm.nih.gov/dailymed/drugInfo.cfm?setid=f811ddfc-d7c1-4637-ae81-80c38a77cb80,major_interaction
BDS001936,Acetylcysteine,no_exact_dailymed_label_match,No accessible DailyMed result matched generic plus strength/form sufficiently for product-level acceptance.,,,
BDS001909,Acetylcysteine,no_exact_dailymed_label_match,No accessible DailyMed result matched generic plus strength/form sufficiently for product-level acceptance.,,,
BDS002574,Acetylcysteine,no_exact_dailymed_label_match,No accessible DailyMed result matched generic plus strength/form sufficiently for product-level acceptance.,,,
BDS002640,Acetylcysteine,label_matched_but_missing_required_safety_snippets,,"ACETYLCYSTEINE INJECTION, SOLUTION [GLENMARK PHARMACEUTICALS INC., USA]",https://dailymed.nlm.nih.gov/dailymed/drugInfo.cfm?setid=f811ddfc-d7c1-4637-ae81-80c38a77cb80,major_interaction
BDS002640,Acetylcysteine,no_exact_dailymed_label_match,No accessible DailyMed result matched generic plus strength/form sufficiently for product-level acceptance.,,,
BDS008135,Acetylcysteine,label_matched_but_missing_required_safety_snippets,,"ACETYLCYSTEINE INJECTION, SOLUTION [GLENMARK PHARMACEUTICALS INC., USA]",https://dailymed.nlm.nih.gov/dailymed/drugInfo.cfm?setid=f811ddfc-d7c1-4637-ae81-80c38a77cb80,major_interaction
BDS008135,Acetylcysteine,no_exact_dailymed_label_match,No accessible DailyMed result matched generic plus strength/form sufficiently for product-level acceptance.,,,
BDS002901,Acetylcysteine,no_exact_dailymed_label_match,No accessible DailyMed result matched generic plus strength/form sufficiently for product-level acceptance.,,,
BDS008141,Carbocysteine,no_exact_dailymed_label_match,No accessible DailyMed result matched generic plus strength/form sufficiently for product-level acceptance.,,,
BDS001937,Carbocysteine,no_exact_dailymed_label_match,No accessible DailyMed result matched generic plus strength/form sufficiently for product-level acceptance.,,,
BDS003694,Carbocysteine,no_exact_dailymed_label_match,No accessible DailyMed result matched generic plus strength/form sufficiently for product-level acceptance.,,,
BDS007033,Carbocysteine,no_exact_dailymed_label_match,No accessible DailyMed result matched generic plus strength/form sufficiently for product-level acceptance.,,,
BDS041506,Carbocysteine,no_exact_dailymed_label_match,No accessible DailyMed result matched generic plus strength/form sufficiently for product-level acceptance.,,,
BDS001495,Carbocysteine,no_exact_dailymed_label_match,No accessible DailyMed result matched generic plus strength/form sufficiently for product-level acceptance.,,,
BDS001919,Carbocysteine,no_exact_dailymed_label_match,No accessible DailyMed result matched generic plus strength/form sufficiently for product-level acceptance.,,,
BDS001920,Carbocysteine,no_exact_dailymed_label_match,No accessible DailyMed result matched generic plus strength/form sufficiently for product-level acceptance.,,,
BDS003697,Carbocysteine,no_exact_dailymed_label_match,No accessible DailyMed result matched generic plus strength/form sufficiently for product-level acceptance.,,,
BDS003782,Carbocysteine,no_exact_dailymed_label_match,No accessible DailyMed result matched generic plus strength/form sufficiently for product-level acceptance.,,,
BDS044313,Sodium Chloride,no_exact_dailymed_label_match,No accessible DailyMed result matched generic plus strength/form sufficiently for product-level acceptance.,,,
BDS044321,Sodium Chloride,no_exact_dailymed_label_match,No accessible DailyMed result matched generic plus strength/form sufficiently for product-level acceptance.,,,
BDS044320,Sodium Chloride,no_exact_dailymed_label_match,No accessible DailyMed result matched generic plus strength/form sufficiently for product-level acceptance.,,,
BDS044322,Sodium Chloride,no_exact_dailymed_label_match,No accessible DailyMed result matched generic plus strength/form sufficiently for product-level acceptance.,,,
BDS004868,Sodium Chloride,no_exact_dailymed_label_match,No accessible DailyMed result matched generic plus strength/form sufficiently for product-level acceptance.,,,
BDS045626,Sodium Chloride,no_exact_dailymed_label_match,No accessible DailyMed result matched generic plus strength/form sufficiently for product-level acceptance.,,,
BDS004870,Sodium Chloride,no_exact_dailymed_label_match,No accessible DailyMed result matched generic plus strength/form sufficiently for product-level acceptance.,,,
BDS003906,Sodium Chloride,no_exact_dailymed_label_match,No accessible DailyMed result matched generic plus strength/form sufficiently for product-level acceptance.,,,
BDS003907,Sodium Chloride,no_exact_dailymed_label_match,No accessible DailyMed result matched generic plus strength/form sufficiently for product-level acceptance.,,,
BDS003905,Sodium Chloride,no_exact_dailymed_label_match,No accessible DailyMed result matched generic plus strength/form sufficiently for product-level acceptance.,,,
BDS006059,Clotrimazole,no_exact_dailymed_label_match,No accessible DailyMed result matched generic plus strength/form sufficiently for product-level acceptance.,,,
BDS001489,Clotrimazole,no_exact_dailymed_label_match,No accessible DailyMed result matched generic plus strength/form sufficiently for product-level acceptance.,,,
BDS001422,Clotrimazole,no_exact_dailymed_label_match,No accessible DailyMed result matched generic plus strength/form sufficiently for product-level acceptance.,,,
BDS007735,Clotrimazole,no_exact_dailymed_label_match,No accessible DailyMed result matched generic plus strength/form sufficiently for product-level acceptance.,,,
BDS043117,Clotrimazole,no_exact_dailymed_label_match,No accessible DailyMed result matched generic plus strength/form sufficiently for product-level acceptance.,,,
BDS002562,Clotrimazole,no_exact_dailymed_label_match,No accessible DailyMed result matched generic plus strength/form sufficiently for product-level acceptance.,,,
BDS001419,Clotrimazole,no_exact_dailymed_label_match,No accessible DailyMed result matched generic plus strength/form sufficiently for product-level acceptance.,,,
BDS001420,Clotrimazole,no_exact_dailymed_label_match,No accessible DailyMed result matched generic plus strength/form sufficiently for product-level acceptance.,,,
BDS007056,Clotrimazole,no_exact_dailymed_label_match,No accessible DailyMed result matched generic plus strength/form sufficiently for product-level acceptance.,,,
BDS007953,Clotrimazole,no_exact_dailymed_label_match,No accessible DailyMed result matched generic plus strength/form sufficiently for product-level acceptance.,,,
BDS001079,Simethicone,no_exact_dailymed_label_match,No accessible DailyMed result matched generic plus strength/form sufficiently for product-level acceptance.,,,
BDS006054,Simethicone,no_exact_dailymed_label_match,No accessible DailyMed result matched generic plus strength/form sufficiently for product-level acceptance.,,,
BDS003910,Simethicone,no_exact_dailymed_label_match,No accessible DailyMed result matched generic plus strength/form sufficiently for product-level acceptance.,,,
BDS001013,Simethicone,no_exact_dailymed_label_match,No accessible DailyMed result matched generic plus strength/form sufficiently for product-level acceptance.,,,
BDS001014,Simethicone,no_exact_dailymed_label_match,No accessible DailyMed result matched generic plus strength/form sufficiently for product-level acceptance.,,,
BDS001089,Simethicone,no_exact_dailymed_label_match,No accessible DailyMed result matched generic plus strength/form sufficiently for product-level acceptance.,,,
BDS001085,Simethicone,no_exact_dailymed_label_match,No accessible DailyMed result matched generic plus strength/form sufficiently for product-level acceptance.,,,
BDS001088,Simethicone,no_exact_dailymed_label_match,No accessible DailyMed result matched generic plus strength/form sufficiently for product-level acceptance.,,,
BDS001641,Simethicone,no_exact_dailymed_label_match,No accessible DailyMed result matched generic plus strength/form sufficiently for product-level acceptance.,,,
BDS001959,Metformin HCl,no_exact_dailymed_label_match,No accessible DailyMed result matched generic plus strength/form sufficiently for product-level acceptance.,,,
BDS007106,Domperidone,no_exact_dailymed_label_match,No accessible DailyMed result matched generic plus strength/form sufficiently for product-level acceptance.,,,
BDS044921,Domperidone,no_exact_dailymed_label_match,No accessible DailyMed result matched generic plus strength/form sufficiently for product-level acceptance.,,,
BDS006639,Domperidone,no_exact_dailymed_label_match,No accessible DailyMed result matched generic plus strength/form sufficiently for product-level acceptance.,,,
BDS002636,Domperidone,no_exact_dailymed_label_match,No accessible DailyMed result matched generic plus strength/form sufficiently for product-level acceptance.,,,
BDS046502,Domperidone,no_exact_dailymed_label_match,No accessible DailyMed result matched generic plus strength/form sufficiently for product-level acceptance.,,,
BDS002637,Domperidone,no_exact_dailymed_label_match,No accessible DailyMed result matched generic plus strength/form sufficiently for product-level acceptance.,,,
BDS046503,Domperidone,no_exact_dailymed_label_match,No accessible DailyMed result matched generic plus strength/form sufficiently for product-level acceptance.,,,
BDS001978,Fexofenadine HCl,label_matched_but_missing_required_safety_snippets,,"FEXOFENADINE HYDROCHLORIDE TABLET, FILM COATED [OHM LABORATORIES INC.]",https://dailymed.nlm.nih.gov/dailymed/drugInfo.cfm?setid=1a1afa95-570d-456e-b436-a0fcfaf68517,major_interaction
BDS001978,Fexofenadine HCl,no_exact_dailymed_label_match,No accessible DailyMed result matched generic plus strength/form sufficiently for product-level acceptance.,,,
BDS001953,Fexofenadine HCl,no_exact_dailymed_label_match,No accessible DailyMed result matched generic plus strength/form sufficiently for product-level acceptance.,,,
BDS007975,Fexofenadine HCl,no_exact_dailymed_label_match,No accessible DailyMed result matched generic plus strength/form sufficiently for product-level acceptance.,,,
BDS003747,Fexofenadine HCl,label_matched_but_missing_required_safety_snippets,,"FEXOFENADINE HYDROCHLORIDE TABLET, FILM COATED [OHM LABORATORIES INC.]",https://dailymed.nlm.nih.gov/dailymed/drugInfo.cfm?setid=1a1afa95-570d-456e-b436-a0fcfaf68517,major_interaction
BDS003747,Fexofenadine HCl,no_exact_dailymed_label_match,No accessible DailyMed result matched generic plus strength/form sufficiently for product-level acceptance.,,,
BDS003769,Fexofenadine HCl,no_exact_dailymed_label_match,No accessible DailyMed result matched generic plus strength/form sufficiently for product-level acceptance.,,,
BDS049255,Fexofenadine HCl,label_matched_but_missing_required_safety_snippets,,"FEXOFENADINE HYDROCHLORIDE TABLET, FILM COATED [OHM LABORATORIES INC.]",https://dailymed.nlm.nih.gov/dailymed/drugInfo.cfm?setid=1a1afa95-570d-456e-b436-a0fcfaf68517,major_interaction
BDS049255,Fexofenadine HCl,no_exact_dailymed_label_match,No accessible DailyMed result matched generic plus strength/form sufficiently for product-level acceptance.,,,
BDS049254,Fexofenadine HCl,no_exact_dailymed_label_match,No accessible DailyMed result matched generic plus strength/form sufficiently for product-level acceptance.,,,
BDS007572,Ketoconazole,no_exact_dailymed_label_match,No accessible DailyMed result matched generic plus strength/form sufficiently for product-level acceptance.,,,
BDS002826,Ketoconazole,no_exact_dailymed_label_match,No accessible DailyMed result matched generic plus strength/form sufficiently for product-level acceptance.,,,
BDS007542,Ketoconazole,no_exact_dailymed_label_match,No accessible DailyMed result matched generic plus strength/form sufficiently for product-level acceptance.,,,
BDS007543,Ketoconazole,no_exact_dailymed_label_match,No accessible DailyMed result matched generic plus strength/form sufficiently for product-level acceptance.,,,
BDS008451,Ketoconazole,no_exact_dailymed_label_match,No accessible DailyMed result matched generic plus strength/form sufficiently for product-level acceptance.,,,
BDS045665,Ketoconazole,no_exact_dailymed_label_match,No accessible DailyMed result matched generic plus strength/form sufficiently for product-level acceptance.,,,
BDS002829,Ketoconazole,no_exact_dailymed_label_match,No accessible DailyMed result matched generic plus strength/form sufficiently for product-level acceptance.,,,
BDS008061,Piroxicam,no_exact_dailymed_label_match,No accessible DailyMed result matched generic plus strength/form sufficiently for product-level acceptance.,,,
BDS007952,Piroxicam,no_exact_dailymed_label_match,No accessible DailyMed result matched generic plus strength/form sufficiently for product-level acceptance.,,,
BDS003549,Amoxicillin,no_exact_dailymed_label_match,No accessible DailyMed result matched generic plus strength/form sufficiently for product-level acceptance.,,,
BDS003550,Amoxicillin,no_exact_dailymed_label_match,No accessible DailyMed result matched generic plus strength/form sufficiently for product-level acceptance.,,,
BDS049778,Cetirizine dihydrochloride,no_exact_dailymed_label_match,No accessible DailyMed result matched generic plus strength/form sufficiently for product-level acceptance.,,,
BDS007145,Chlorpheniramine Maleate,no_exact_dailymed_label_match,No accessible DailyMed result matched generic plus strength/form sufficiently for product-level acceptance.,,,
BDS008033,Chlorpheniramine Maleate,no_exact_dailymed_label_match,No accessible DailyMed result matched generic plus strength/form sufficiently for product-level acceptance.,,,
BDS007271,Chlorpheniramine Maleate,no_exact_dailymed_label_match,No accessible DailyMed result matched generic plus strength/form sufficiently for product-level acceptance.,,,
BDS001076,Etoricoxib,no_exact_dailymed_label_match,No accessible DailyMed result matched generic plus strength/form sufficiently for product-level acceptance.,,,
BDS001078,Etoricoxib,no_exact_dailymed_label_match,No accessible DailyMed result matched generic plus strength/form sufficiently for product-level acceptance.,,,
BDS001075,Etoricoxib,no_exact_dailymed_label_match,No accessible DailyMed result matched generic plus strength/form sufficiently for product-level acceptance.,,,
BDS040616,Etoricoxib,no_exact_dailymed_label_match,No accessible DailyMed result matched generic plus strength/form sufficiently for product-level acceptance.,,,
BDS042806,Etoricoxib,no_exact_dailymed_label_match,No accessible DailyMed result matched generic plus strength/form sufficiently for product-level acceptance.,,,
BDS047643,Montelukast Sodium,no_exact_dailymed_label_match,No accessible DailyMed result matched generic plus strength/form sufficiently for product-level acceptance.,,,
BDS045624,Naproxen,no_exact_dailymed_label_match,No accessible DailyMed result matched generic plus strength/form sufficiently for product-level acceptance.,,,
BDS007214,Naproxen sodium,no_exact_dailymed_label_match,No accessible DailyMed result matched generic plus strength/form sufficiently for product-level acceptance.,,,
BDS007576,Naproxen,no_exact_dailymed_label_match,No accessible DailyMed result matched generic plus strength/form sufficiently for product-level acceptance.,,,
BDS047654,Naproxen sodium,no_exact_dailymed_label_match,No accessible DailyMed result matched generic plus strength/form sufficiently for product-level acceptance.,,,
BDS003568,Naproxen sodium,no_exact_dailymed_label_match,No accessible DailyMed result matched generic plus strength/form sufficiently for product-level acceptance.,,,
BDS043102,Oxymetazoline Hydrochloride,label_matched_but_missing_required_safety_snippets,,FOSTER AND THRIVE NASAL (OXYMETAZOLINE HYDROCHLORIDE) SPRAY [SPORTPHARM LLC],https://dailymed.nlm.nih.gov/dailymed/drugInfo.cfm?setid=f2d55d1b-c3d4-4c35-b761-681ed50273bd,major_interaction
BDS043102,Oxymetazoline Hydrochloride,no_exact_dailymed_label_match,No accessible DailyMed result matched generic plus strength/form sufficiently for product-level acceptance.,,,
BDS002228,Oxymetazoline Hydrochloride,no_exact_dailymed_label_match,No accessible DailyMed result matched generic plus strength/form sufficiently for product-level acceptance.,,,
BDS002209,Oxymetazoline Hydrochloride,label_matched_but_missing_required_safety_snippets,,FOSTER AND THRIVE NASAL (OXYMETAZOLINE HYDROCHLORIDE) SPRAY [SPORTPHARM LLC],https://dailymed.nlm.nih.gov/dailymed/drugInfo.cfm?setid=f2d55d1b-c3d4-4c35-b761-681ed50273bd,major_interaction
BDS002209,Oxymetazoline Hydrochloride,no_exact_dailymed_label_match,No accessible DailyMed result matched generic plus strength/form sufficiently for product-level acceptance.,,,
BDS002215,Oxymetazoline Hydrochloride,label_matched_but_missing_required_safety_snippets,,FOSTER AND THRIVE NASAL (OXYMETAZOLINE HYDROCHLORIDE) SPRAY [SPORTPHARM LLC],https://dailymed.nlm.nih.gov/dailymed/drugInfo.cfm?setid=f2d55d1b-c3d4-4c35-b761-681ed50273bd,major_interaction
BDS002215,Oxymetazoline Hydrochloride,no_exact_dailymed_label_match,No accessible DailyMed result matched generic plus strength/form sufficiently for product-level acceptance.,,,
BDS007191,Oxymetazoline Hydrochloride,label_matched_but_missing_required_safety_snippets,,FOSTER AND THRIVE NASAL (OXYMETAZOLINE HYDROCHLORIDE) SPRAY [SPORTPHARM LLC],https://dailymed.nlm.nih.gov/dailymed/drugInfo.cfm?setid=f2d55d1b-c3d4-4c35-b761-681ed50273bd,major_interaction
BDS007191,Oxymetazoline Hydrochloride,no_exact_dailymed_label_match,No accessible DailyMed result matched generic plus strength/form sufficiently for product-level acceptance.,,,
BDS008756,Triamcinolone Acetonide w/w,no_exact_dailymed_label_match,No accessible DailyMed result matched generic plus strength/form sufficiently for product-level acceptance.,,,
BDS008757,Triamcinolone Acetonide w/w,no_exact_dailymed_label_match,No accessible DailyMed result matched generic plus strength/form sufficiently for product-level acceptance.,,,
BDS008758,Triamcinolone Acetonide w/w,no_exact_dailymed_label_match,No accessible DailyMed result matched generic plus strength/form sufficiently for product-level acceptance.,,,
BDS008759,Triamcinolone Acetonide w/w,no_exact_dailymed_label_match,No accessible DailyMed result matched generic plus strength/form sufficiently for product-level acceptance.,,,
BDS003799,Triamcinolone Acetonide w/v,no_exact_dailymed_label_match,No accessible DailyMed result matched generic plus strength/form sufficiently for product-level acceptance.,,,
BDS001255,Bromhexine HCl,no_exact_dailymed_label_match,No accessible DailyMed result matched generic plus strength/form sufficiently for product-level acceptance.,,,
BDS001253,Bromhexine HCl,no_exact_dailymed_label_match,No accessible DailyMed result matched generic plus strength/form sufficiently for product-level acceptance.,,,
BDS007031,Bromhexine HCl,no_exact_dailymed_label_match,No accessible DailyMed result matched generic plus strength/form sufficiently for product-level acceptance.,,,
BDS040631,Bromhexine HCl,no_exact_dailymed_label_match,No accessible DailyMed result matched generic plus strength/form sufficiently for product-level acceptance.,,,
BDS001496,Ciprofloxacin,no_exact_dailymed_label_match,No accessible DailyMed result matched generic plus strength/form sufficiently for product-level acceptance.,,,
BDS041409,Ciprofloxacin,no_exact_dailymed_label_match,No accessible DailyMed result matched generic plus strength/form sufficiently for product-level acceptance.,,,
BDS008114,Ciprofloxacin,no_exact_dailymed_label_match,No accessible DailyMed result matched generic plus strength/form sufficiently for product-level acceptance.,,,
BDS007238,Ciprofloxacin,no_exact_dailymed_label_match,No accessible DailyMed result matched generic plus strength/form sufficiently for product-level acceptance.,,,
BDS001622,Clobetasol Propionate w/w,no_exact_dailymed_label_match,No accessible DailyMed result matched generic plus strength/form sufficiently for product-level acceptance.,,,
BDS001623,Clobetasol Propionate w/w,no_exact_dailymed_label_match,No accessible DailyMed result matched generic plus strength/form sufficiently for product-level acceptance.,,,
BDS001630,Clobetasol Propionate w/w,no_exact_dailymed_label_match,No accessible DailyMed result matched generic plus strength/form sufficiently for product-level acceptance.,,,
BDS001660,Clobetasol Propionate w/w,no_exact_dailymed_label_match,No accessible DailyMed result matched generic plus strength/form sufficiently for product-level acceptance.,,,
BDS001015,Desloratadine,no_exact_dailymed_label_match,No accessible DailyMed result matched generic plus strength/form sufficiently for product-level acceptance.,,,
BDS044519,Desloratadine,no_exact_dailymed_label_match,No accessible DailyMed result matched generic plus strength/form sufficiently for product-level acceptance.,,,
BDS001825,Desoximetasone,label_matched_but_missing_required_safety_snippets,,DESOXIMETASONE CREAM [A-S MEDICATION SOLUTIONS],https://dailymed.nlm.nih.gov/dailymed/drugInfo.cfm?setid=54743c9d-badd-47ce-bf86-6a8c398f7f07,major_interaction
BDS001825,Desoximetasone,no_exact_dailymed_label_match,No accessible DailyMed result matched generic plus strength/form sufficiently for product-level acceptance.,,,
BDS042807,Desoximetasone,label_matched_but_missing_required_safety_snippets,,DESOXIMETASONE CREAM [A-S MEDICATION SOLUTIONS],https://dailymed.nlm.nih.gov/dailymed/drugInfo.cfm?setid=54743c9d-badd-47ce-bf86-6a8c398f7f07,major_interaction
BDS042807,Desoximetasone,no_exact_dailymed_label_match,No accessible DailyMed result matched generic plus strength/form sufficiently for product-level acceptance.,,,
BDS001831,Desoximetasone,label_matched_but_missing_required_safety_snippets,,DESOXIMETASONE CREAM [A-S MEDICATION SOLUTIONS],https://dailymed.nlm.nih.gov/dailymed/drugInfo.cfm?setid=54743c9d-badd-47ce-bf86-6a8c398f7f07,major_interaction
BDS001831,Desoximetasone,no_exact_dailymed_label_match,No accessible DailyMed result matched generic plus strength/form sufficiently for product-level acceptance.,,,
BDS048634,Desoximetasone,label_matched_but_missing_required_safety_snippets,,DESOXIMETASONE CREAM [A-S MEDICATION SOLUTIONS],https://dailymed.nlm.nih.gov/dailymed/drugInfo.cfm?setid=54743c9d-badd-47ce-bf86-6a8c398f7f07,major_interaction
BDS048634,Desoximetasone,no_exact_dailymed_label_match,No accessible DailyMed result matched generic plus strength/form sufficiently for product-level acceptance.,,,
BDS002047,Gabapentin,no_exact_dailymed_label_match,No accessible DailyMed result matched generic plus strength/form sufficiently for product-level acceptance.,,,
BDS002863,Gabapentin,no_exact_dailymed_label_match,No accessible DailyMed result matched generic plus strength/form sufficiently for product-level acceptance.,,,
BDS007743,Glucosamine sulfate sodium,no_exact_dailymed_label_match,No accessible DailyMed result matched generic plus strength/form sufficiently for product-level acceptance.,,,
BDS043605,Glucosamine sulfate sodium,no_exact_dailymed_label_match,No accessible DailyMed result matched generic plus strength/form sufficiently for product-level acceptance.,,,
BDS007739,Glucosamine sulfate sodium,no_exact_dailymed_label_match,No accessible DailyMed result matched generic plus strength/form sufficiently for product-level acceptance.,,,
BDS007225,Glucosamine sulfate sodium,no_exact_dailymed_label_match,No accessible DailyMed result matched generic plus strength/form sufficiently for product-level acceptance.,,,
BDS001283,Hyoscine-N-butylbromide,no_exact_dailymed_label_match,No accessible DailyMed result matched generic plus strength/form sufficiently for product-level acceptance.,,,
BDS007061,Hyoscine-N-butylbromide,no_exact_dailymed_label_match,No accessible DailyMed result matched generic plus strength/form sufficiently for product-level acceptance.,,,
BDS007284,Hyoscine-N-butylbromide,no_exact_dailymed_label_match,No accessible DailyMed result matched generic plus strength/form sufficiently for product-level acceptance.,,,
BDS008325,Hyoscine-N-butylbromide,no_exact_dailymed_label_match,No accessible DailyMed result matched generic plus strength/form sufficiently for product-level acceptance.,,,
BDS001230,Mebendazole,no_exact_dailymed_label_match,No accessible DailyMed result matched generic plus strength/form sufficiently for product-level acceptance.,,,
BDS001227,Mebendazole,no_exact_dailymed_label_match,No accessible DailyMed result matched generic plus strength/form sufficiently for product-level acceptance.,,,
BDS001927,Mebendazole,no_exact_dailymed_label_match,No accessible DailyMed result matched generic plus strength/form sufficiently for product-level acceptance.,,,
BDS001231,Mebendazole,no_exact_dailymed_label_match,No accessible DailyMed result matched generic plus strength/form sufficiently for product-level acceptance.,,,
BDS002121,Mucopolysaccharide polysulphate,no_exact_dailymed_label_match,No accessible DailyMed result matched generic plus strength/form sufficiently for product-level acceptance.,,,
BDS002110,Mucopolysaccharide polysulphate,no_exact_dailymed_label_match,No accessible DailyMed result matched generic plus strength/form sufficiently for product-level acceptance.,,,
BDS002130,Mucopolysaccharide polysulphate,no_exact_dailymed_label_match,No accessible DailyMed result matched generic plus strength/form sufficiently for product-level acceptance.,,,
BDS002113,Mucopolysaccharide polysulphate,no_exact_dailymed_label_match,No accessible DailyMed result matched generic plus strength/form sufficiently for product-level acceptance.,,,
BDS007591,Norfloxacin,no_exact_dailymed_label_match,No accessible DailyMed result matched generic plus strength/form sufficiently for product-level acceptance.,,,
BDS007751,Norfloxacin,no_exact_dailymed_label_match,No accessible DailyMed result matched generic plus strength/form sufficiently for product-level acceptance.,,,
BDS009086,Norfloxacin,no_exact_dailymed_label_match,No accessible DailyMed result matched generic plus strength/form sufficiently for product-level acceptance.,,,
BDS007311,Norfloxacin,no_exact_dailymed_label_match,No accessible DailyMed result matched generic plus strength/form sufficiently for product-level acceptance.,,,
BDS001280,Povidone Iodine,no_exact_dailymed_label_match,No accessible DailyMed result matched generic plus strength/form sufficiently for product-level acceptance.,,,
BDS040609,Povidone-Iodine,no_exact_dailymed_label_match,No accessible DailyMed result matched generic plus strength/form sufficiently for product-level acceptance.,,,
BDS040610,Povidone-Iodine,no_exact_dailymed_label_match,No accessible DailyMed result matched generic plus strength/form sufficiently for product-level acceptance.,,,
BDS040617,Povidone-Iodine,no_exact_dailymed_label_match,No accessible DailyMed result matched generic plus strength/form sufficiently for product-level acceptance.,,,
BDS007066,Roxithromycin,no_exact_dailymed_label_match,No accessible DailyMed result matched generic plus strength/form sufficiently for product-level acceptance.,,,
BDS003423,Roxithromycin,no_exact_dailymed_label_match,No accessible DailyMed result matched generic plus strength/form sufficiently for product-level acceptance.,,,
BDS007976,Roxithromycin,no_exact_dailymed_label_match,No accessible DailyMed result matched generic plus strength/form sufficiently for product-level acceptance.,,,
BDS003428,Roxithromycin,no_exact_dailymed_label_match,No accessible DailyMed result matched generic plus strength/form sufficiently for product-level acceptance.,,,
BDS003918,Sucralfate,no_exact_dailymed_label_match,No accessible DailyMed result matched generic plus strength/form sufficiently for product-level acceptance.,,,
BDS003917,Sucralfate,no_exact_dailymed_label_match,No accessible DailyMed result matched generic plus strength/form sufficiently for product-level acceptance.,,,
BDS003915,Sucralfate,no_exact_dailymed_label_match,No accessible DailyMed result matched generic plus strength/form sufficiently for product-level acceptance.,,,
BDS001271,Tolperisone,no_exact_dailymed_label_match,No accessible DailyMed result matched generic plus strength/form sufficiently for product-level acceptance.,,,
BDS003410,Tolperisone Hydrochloride,no_exact_dailymed_label_match,No accessible DailyMed result matched generic plus strength/form sufficiently for product-level acceptance.,,,
BDS002652,Tolperisone,no_exact_dailymed_label_match,No accessible DailyMed result matched generic plus strength/form sufficiently for product-level acceptance.,,,
BDS003571,Tolperisone Hydrochloride,no_exact_dailymed_label_match,No accessible DailyMed result matched generic plus strength/form sufficiently for product-level acceptance.,,,
BDS049775,Albendazole,label_matched_but_missing_required_safety_snippets,,"ALBENDAMAX (11.36% ALBENDAZOLE ORAL) SUSPENSION [VETR, LLC]",https://dailymed.nlm.nih.gov/dailymed/drugInfo.cfm?setid=64c3482a-f978-4d13-ba69-ce3e60505560,common_side_effect; major_interaction; composition_strength_form_route
BDS049775,Albendazole,no_exact_dailymed_label_match,No accessible DailyMed result matched generic plus strength/form sufficiently for product-level acceptance.,,,
BDS008455,Albendazole,no_exact_dailymed_label_match,No accessible DailyMed result matched generic plus strength/form sufficiently for product-level acceptance.,,,
BDS004217,Albendazole,no_exact_dailymed_label_match,No accessible DailyMed result matched generic plus strength/form sufficiently for product-level acceptance.,,,
BDS003510,Betahistine dihydrochloride,no_exact_dailymed_label_match,No accessible DailyMed result matched generic plus strength/form sufficiently for product-level acceptance.,,,
BDS006571,Betahistine dihydrochloride,no_exact_dailymed_label_match,No accessible DailyMed result matched generic plus strength/form sufficiently for product-level acceptance.,,,
BDS007272,Betahistine dihydrochloride,no_exact_dailymed_label_match,No accessible DailyMed result matched generic plus strength/form sufficiently for product-level acceptance.,,,
BDS001437,Chloramphenicol,no_exact_dailymed_label_match,No accessible DailyMed result matched generic plus strength/form sufficiently for product-level acceptance.,,,
BDS001515,Chloramphenicol,no_exact_dailymed_label_match,No accessible DailyMed result matched generic plus strength/form sufficiently for product-level acceptance.,,,
BDS041410,Chloramphenicol,no_exact_dailymed_label_match,No accessible DailyMed result matched generic plus strength/form sufficiently for product-level acceptance.,,,
BDS001407,Chlorhexidine Gluconate,no_exact_dailymed_label_match,No accessible DailyMed result matched generic plus strength/form sufficiently for product-level acceptance.,,,
BDS001406,Chlorhexidine Gluconate,no_exact_dailymed_label_match,No accessible DailyMed result matched generic plus strength/form sufficiently for product-level acceptance.,,,
BDS001409,Chlorhexidine Gluconate,no_exact_dailymed_label_match,No accessible DailyMed result matched generic plus strength/form sufficiently for product-level acceptance.,,,
BDS006198,Clobetasol Propionate,label_matched_but_missing_required_safety_snippets,,"CLOBETASOL PROPIONATE SOLUTION [GOLDEN STATE MEDICAL SUPPLY, INC.]",https://dailymed.nlm.nih.gov/dailymed/drugInfo.cfm?setid=04180cdf-c63a-d524-e063-6394a90a2d06,major_interaction
BDS006198,Clobetasol Propionate,no_exact_dailymed_label_match,No accessible DailyMed result matched generic plus strength/form sufficiently for product-level acceptance.,,,
BDS007514,Clobetasol Propionate,label_matched_but_missing_required_safety_snippets,,"CLOBETASOL PROPIONATE SOLUTION [GOLDEN STATE MEDICAL SUPPLY, INC.]",https://dailymed.nlm.nih.gov/dailymed/drugInfo.cfm?setid=04180cdf-c63a-d524-e063-6394a90a2d06,major_interaction
BDS007514,Clobetasol Propionate,no_exact_dailymed_label_match,No accessible DailyMed result matched generic plus strength/form sufficiently for product-level acceptance.,,,
BDS007515,Clobetasol Propionate,label_matched_but_missing_required_safety_snippets,,"CLOBETASOL PROPIONATE SOLUTION [GOLDEN STATE MEDICAL SUPPLY, INC.]",https://dailymed.nlm.nih.gov/dailymed/drugInfo.cfm?setid=04180cdf-c63a-d524-e063-6394a90a2d06,major_interaction
BDS007515,Clobetasol Propionate,no_exact_dailymed_label_match,No accessible DailyMed result matched generic plus strength/form sufficiently for product-level acceptance.,,,
BDS007141,Dimenhydrinate,label_matched_but_missing_required_safety_snippets,,DRIMINATE (DIMENHYDRINATE) TABLET [MAJOR PHARMACEUTICALS],https://dailymed.nlm.nih.gov/dailymed/drugInfo.cfm?setid=d2967f78-41ee-4c30-8b47-0757df9f3d91,common_side_effect
BDS007141,Dimenhydrinate,no_exact_dailymed_label_match,No accessible DailyMed result matched generic plus strength/form sufficiently for product-level acceptance.,,,
BDS001663,Dimenhydrinate,label_matched_but_missing_required_safety_snippets,,DRIMINATE (DIMENHYDRINATE) TABLET [MAJOR PHARMACEUTICALS],https://dailymed.nlm.nih.gov/dailymed/drugInfo.cfm?setid=d2967f78-41ee-4c30-8b47-0757df9f3d91,common_side_effect
BDS001663,Dimenhydrinate,no_exact_dailymed_label_match,No accessible DailyMed result matched generic plus strength/form sufficiently for product-level acceptance.,,,
BDS045662,Dimenhydrinate,label_matched_but_missing_required_safety_snippets,,DRIMINATE (DIMENHYDRINATE) TABLET [MAJOR PHARMACEUTICALS],https://dailymed.nlm.nih.gov/dailymed/drugInfo.cfm?setid=d2967f78-41ee-4c30-8b47-0757df9f3d91,common_side_effect
BDS045662,Dimenhydrinate,no_exact_dailymed_label_match,No accessible DailyMed result matched generic plus strength/form sufficiently for product-level acceptance.,,,
BDS008142,Flunarizine,no_exact_dailymed_label_match,No accessible DailyMed result matched generic plus strength/form sufficiently for product-level acceptance.,,,
BDS007222,Flunarizine,no_exact_dailymed_label_match,No accessible DailyMed result matched generic plus strength/form sufficiently for product-level acceptance.,,,
BDS047664,Flunarizine,no_exact_dailymed_label_match,No accessible DailyMed result matched generic plus strength/form sufficiently for product-level acceptance.,,,
BDS007768,Gentamicin,no_exact_dailymed_label_match,No accessible DailyMed result matched generic plus strength/form sufficiently for product-level acceptance.,,,
BDS007766,Gentamicin,no_exact_dailymed_label_match,No accessible DailyMed result matched generic plus strength/form sufficiently for product-level acceptance.,,,
BDS002003,Gentamicin,no_exact_dailymed_label_match,No accessible DailyMed result matched generic plus strength/form sufficiently for product-level acceptance.,,,
BDS007131,Glibenclamide,no_exact_dailymed_label_match,No accessible DailyMed result matched generic plus strength/form sufficiently for product-level acceptance.,,,
BDS001611,Glibenclamide,no_exact_dailymed_label_match,No accessible DailyMed result matched generic plus strength/form sufficiently for product-level acceptance.,,,
BDS006734,Glibenclamide,no_exact_dailymed_label_match,No accessible DailyMed result matched generic plus strength/form sufficiently for product-level acceptance.,,,
BDS008301,Hydroxyzine HCl,no_exact_dailymed_label_match,No accessible DailyMed result matched generic plus strength/form sufficiently for product-level acceptance.,,,
BDS003505,Ispaghula Husk,no_exact_dailymed_label_match,No accessible DailyMed result matched generic plus strength/form sufficiently for product-level acceptance.,,,
BDS002697,Ispaghula Husk,no_exact_dailymed_label_match,No accessible DailyMed result matched generic plus strength/form sufficiently for product-level acceptance.,,,
BDS002699,Ispaghula Husk,label_matched_but_missing_required_safety_snippets,,"SUPER FIBER (ISPAGHULA HUSK) GRANULE, EFFERVESCENT [NOVEL PACK LLC]",https://dailymed.nlm.nih.gov/dailymed/drugInfo.cfm?setid=cdc1a912-1e45-4adc-a7ad-04a5efc17676,contraindication; precaution; common_side_effect; major_interaction; pregnancy_lactation; composition_strength_form_route
BDS002699,Ispaghula Husk,no_exact_dailymed_label_match,No accessible DailyMed result matched generic plus strength/form sufficiently for product-level acceptance.,,,
BDS006046,Loratadine,no_exact_dailymed_label_match,No accessible DailyMed result matched generic plus strength/form sufficiently for product-level acceptance.,,,
BDS044317,Manidipine HCl,no_exact_dailymed_label_match,No accessible DailyMed result matched generic plus strength/form sufficiently for product-level acceptance.,,,
BDS003146,Manidipine HCl,no_exact_dailymed_label_match,No accessible DailyMed result matched generic plus strength/form sufficiently for product-level acceptance.,,,
BDS002638,Manidipine HCl,no_exact_dailymed_label_match,No accessible DailyMed result matched generic plus strength/form sufficiently for product-level acceptance.,,,
BDS001475,Menthol,label_matched_but_missing_required_safety_snippets,,"PROSKI SOOTHE (MENTHOL, ZINC OXIDE) CREAM [PHARMAMED USA INC]",https://dailymed.nlm.nih.gov/dailymed/drugInfo.cfm?setid=2c7b23a1-76cb-095e-e063-6294a90ac6f2,major_interaction; pregnancy_lactation
BDS001475,Menthol,no_exact_dailymed_label_match,No accessible DailyMed result matched generic plus strength/form sufficiently for product-level acceptance.,,,
BDS001474,Menthol,label_matched_but_missing_required_safety_snippets,,"PROSKI SOOTHE (MENTHOL, ZINC OXIDE) CREAM [PHARMAMED USA INC]",https://dailymed.nlm.nih.gov/dailymed/drugInfo.cfm?setid=2c7b23a1-76cb-095e-e063-6294a90ac6f2,major_interaction; pregnancy_lactation
BDS001474,Menthol,no_exact_dailymed_label_match,No accessible DailyMed result matched generic plus strength/form sufficiently for product-level acceptance.,,,
BDS001476,Menthol,label_matched_but_missing_required_safety_snippets,,"PROSKI SOOTHE (MENTHOL, ZINC OXIDE) CREAM [PHARMAMED USA INC]",https://dailymed.nlm.nih.gov/dailymed/drugInfo.cfm?setid=2c7b23a1-76cb-095e-e063-6294a90ac6f2,major_interaction; pregnancy_lactation
BDS001476,Menthol,no_exact_dailymed_label_match,No accessible DailyMed result matched generic plus strength/form sufficiently for product-level acceptance.,,,
BDS002616,Procaterol HCl,no_exact_dailymed_label_match,No accessible DailyMed result matched generic plus strength/form sufficiently for product-level acceptance.,,,
BDS002617,Procaterol HCl,no_exact_dailymed_label_match,No accessible DailyMed result matched generic plus strength/form sufficiently for product-level acceptance.,,,
BDS002618,Procaterol HCl,no_exact_dailymed_label_match,No accessible DailyMed result matched generic plus strength/form sufficiently for product-level acceptance.,,,
BDS007484,Propranolol HCl,no_exact_dailymed_label_match,No accessible DailyMed result matched generic plus strength/form sufficiently for product-level acceptance.,,,
BDS001237,Propranolol,no_exact_dailymed_label_match,No accessible DailyMed result matched generic plus strength/form sufficiently for product-level acceptance.,,,
BDS001281,Propranolol HCl,no_exact_dailymed_label_match,No accessible DailyMed result matched generic plus strength/form sufficiently for product-level acceptance.,,,
BDS008607,Salbutamol,no_exact_dailymed_label_match,No accessible DailyMed result matched generic plus strength/form sufficiently for product-level acceptance.,,,
BDS003645,Salbutamol,no_exact_dailymed_label_match,No accessible DailyMed result matched generic plus strength/form sufficiently for product-level acceptance.,,,
BDS003589,Salbutamol,no_exact_dailymed_label_match,No accessible DailyMed result matched generic plus strength/form sufficiently for product-level acceptance.,,,
BDS040080,Xylometazoline Hydrochloride,label_matched_but_missing_required_safety_snippets,,"METARIVIN SOLN. 0.1% (XYLOMETAZOLINE HYDROCHLORIDE) LIQUID [LYDIA CO., LTD.]",https://dailymed.nlm.nih.gov/dailymed/drugInfo.cfm?setid=e9da6f39-8620-faca-e053-2995a90a8a57,contraindication; precaution; major_interaction; composition_strength_form_route
BDS040080,Xylometazoline Hydrochloride,no_exact_dailymed_label_match,No accessible DailyMed result matched generic plus strength/form sufficiently for product-level acceptance.,,,
BDS003019,Xylometazoline Hydrochloride,label_matched_but_missing_required_safety_snippets,,"METARIVIN SOLN. 0.1% (XYLOMETAZOLINE HYDROCHLORIDE) LIQUID [LYDIA CO., LTD.]",https://dailymed.nlm.nih.gov/dailymed/drugInfo.cfm?setid=e9da6f39-8620-faca-e053-2995a90a8a57,contraindication; precaution; major_interaction; composition_strength_form_route
BDS003019,Xylometazoline Hydrochloride,no_exact_dailymed_label_match,No accessible DailyMed result matched generic plus strength/form sufficiently for product-level acceptance.,,,
BDS003105,Xylometazoline Hydrochloride,no_exact_dailymed_label_match,No accessible DailyMed result matched generic plus strength/form sufficiently for product-level acceptance.,,,
BDS040008,Amlodipine besilate,no_exact_dailymed_label_match,No accessible DailyMed result matched generic plus strength/form sufficiently for product-level acceptance.,,,
BDS040007,Amlodipine besilate,no_exact_dailymed_label_match,No accessible DailyMed result matched generic plus strength/form sufficiently for product-level acceptance.,,,
BDS001070,Aspirin,no_exact_dailymed_label_match,No accessible DailyMed result matched generic plus strength/form sufficiently for product-level acceptance.,,,
BDS001077,Aspirin,no_exact_dailymed_label_match,No accessible DailyMed result matched generic plus strength/form sufficiently for product-level acceptance.,,,
BDS002688,Betahistine Mesilate,no_exact_dailymed_label_match,No accessible DailyMed result matched generic plus strength/form sufficiently for product-level acceptance.,,,
BDS002621,Betahistine Mesilate,no_exact_dailymed_label_match,No accessible DailyMed result matched generic plus strength/form sufficiently for product-level acceptance.,,,
BDS001246,Betamethasone 17-Valerate w/w,no_exact_dailymed_label_match,No accessible DailyMed result matched generic plus strength/form sufficiently for product-level acceptance.,,,
BDS001216,Betamethasone 17-Valerate w/w,no_exact_dailymed_label_match,No accessible DailyMed result matched generic plus strength/form sufficiently for product-level acceptance.,,,
BDS007501,Betamethasone Valerate,no_exact_dailymed_label_match,No accessible DailyMed result matched generic plus strength/form sufficiently for product-level acceptance.,,,
BDS007502,Betamethasone Valerate,no_exact_dailymed_label_match,No accessible DailyMed result matched generic plus strength/form sufficiently for product-level acceptance.,,,
BDS002030,Bismuth Subsalicylate,no_exact_dailymed_label_match,No accessible DailyMed result matched generic plus strength/form sufficiently for product-level acceptance.,,,
BDS002010,Bismuth Subsalicylate,no_exact_dailymed_label_match,No accessible DailyMed result matched generic plus strength/form sufficiently for product-level acceptance.,,,
BDS040624,budesonide,no_exact_dailymed_label_match,No accessible DailyMed result matched generic plus strength/form sufficiently for product-level acceptance.,,,
BDS003432,Budesonide,no_exact_dailymed_label_match,No accessible DailyMed result matched generic plus strength/form sufficiently for product-level acceptance.,,,
BDS007711,Capsaicin,no_exact_dailymed_label_match,No accessible DailyMed result matched generic plus strength/form sufficiently for product-level acceptance.,,,
BDS001541,Capsaicin,no_exact_dailymed_label_match,No accessible DailyMed result matched generic plus strength/form sufficiently for product-level acceptance.,,,
BDS001441,Cefixime,no_exact_dailymed_label_match,No accessible DailyMed result matched generic plus strength/form sufficiently for product-level acceptance.,,,
BDS047662,Cefixime,no_exact_dailymed_label_match,No accessible DailyMed result matched generic plus strength/form sufficiently for product-level acceptance.,,,
BDS007784,Cephalexin,no_exact_dailymed_label_match,No accessible DailyMed result matched generic plus strength/form sufficiently for product-level acceptance.,,,
BDS002206,Cephalexin,no_exact_dailymed_label_match,No accessible DailyMed result matched generic plus strength/form sufficiently for product-level acceptance.,,,
BDS007038,Cetirizine 2HCl,no_exact_dailymed_label_match,No accessible DailyMed result matched generic plus strength/form sufficiently for product-level acceptance.,,,
BDS008086,Cetirizine 2HCl,no_exact_dailymed_label_match,No accessible DailyMed result matched generic plus strength/form sufficiently for product-level acceptance.,,,
BDS003669,Chlorphenoxamine HCl,no_exact_dailymed_label_match,No accessible DailyMed result matched generic plus strength/form sufficiently for product-level acceptance.,,,
BDS003681,Chlorphenoxamine HCl,no_exact_dailymed_label_match,No accessible DailyMed result matched generic plus strength/form sufficiently for product-level acceptance.,,,
BDS007055,Cinnarizine,no_exact_dailymed_label_match,No accessible DailyMed result matched generic plus strength/form sufficiently for product-level acceptance.,,,
BDS003514,Cinnarizine,no_exact_dailymed_label_match,No accessible DailyMed result matched generic plus strength/form sufficiently for product-level acceptance.,,,
BDS001656,Diclofenac diethylammonium,no_exact_dailymed_label_match,No accessible DailyMed result matched generic plus strength/form sufficiently for product-level acceptance.,,,
BDS001654,Diclofenac diethylammonium,no_exact_dailymed_label_match,No accessible DailyMed result matched generic plus strength/form sufficiently for product-level acceptance.,,,
BDS042304,Dioctahedral Smectite,no_exact_dailymed_label_match,No accessible DailyMed result matched generic plus strength/form sufficiently for product-level acceptance.,,,
BDS003546,Dioctahedral Smectite,no_exact_dailymed_label_match,No accessible DailyMed result matched generic plus strength/form sufficiently for product-level acceptance.,,,
BDS007303,Drotaverine Hydrochloride,no_exact_dailymed_label_match,No accessible DailyMed result matched generic plus strength/form sufficiently for product-level acceptance.,,,
BDS007107,Drotaverine Hydrochloride,no_exact_dailymed_label_match,No accessible DailyMed result matched generic plus strength/form sufficiently for product-level acceptance.,,,
BDS007571,Eperisone hydrochloride,no_exact_dailymed_label_match,No accessible DailyMed result matched generic plus strength/form sufficiently for product-level acceptance.,,,
BDS002701,Eperisone hydrochloride,no_exact_dailymed_label_match,No accessible DailyMed result matched generic plus strength/form sufficiently for product-level acceptance.,,,
BDS002898,Esomeprazole,no_exact_dailymed_label_match,No accessible DailyMed result matched generic plus strength/form sufficiently for product-level acceptance.,,,
BDS002903,Esomeprazole,no_exact_dailymed_label_match,No accessible DailyMed result matched generic plus strength/form sufficiently for product-level acceptance.,,,
BDS001023,Ethyl Alcohol Solution v/v,no_exact_dailymed_label_match,No accessible DailyMed result matched generic plus strength/form sufficiently for product-level acceptance.,,,
BDS001018,Ethyl Alcohol Solution v/v,no_exact_dailymed_label_match,No accessible DailyMed result matched generic plus strength/form sufficiently for product-level acceptance.,,,
BDS002132,Gemfibrozil,no_exact_dailymed_label_match,No accessible DailyMed result matched generic plus strength/form sufficiently for product-level acceptance.,,,
BDS006463,Glycerin,no_exact_dailymed_label_match,No accessible DailyMed result matched generic plus strength/form sufficiently for product-level acceptance.,,,
BDS006743,Glycerin,no_exact_dailymed_label_match,No accessible DailyMed result matched generic plus strength/form sufficiently for product-level acceptance.,,,
BDS001806,Indomethacin,no_exact_dailymed_label_match,No accessible DailyMed result matched generic plus strength/form sufficiently for product-level acceptance.,,,
BDS002684,Indomethacin,no_exact_dailymed_label_match,No accessible DailyMed result matched generic plus strength/form sufficiently for product-level acceptance.,,,
BDS042329,Itopride hydrochloride,no_exact_dailymed_label_match,No accessible DailyMed result matched generic plus strength/form sufficiently for product-level acceptance.,,,
BDS002048,Itopride Hydrochloride,no_exact_dailymed_label_match,No accessible DailyMed result matched generic plus strength/form sufficiently for product-level acceptance.,,,
BDS001715,Lactulose,no_exact_dailymed_label_match,No accessible DailyMed result matched generic plus strength/form sufficiently for product-level acceptance.,,,
BDS007554,Lactulose,no_exact_dailymed_label_match,No accessible DailyMed result matched generic plus strength/form sufficiently for product-level acceptance.,,,
BDS002214,Loperamide HCl,no_exact_dailymed_label_match,No accessible DailyMed result matched generic plus strength/form sufficiently for product-level acceptance.,,,
BDS008703,Loperamide,no_exact_dailymed_label_match,No accessible DailyMed result matched generic plus strength/form sufficiently for product-level acceptance.,,,
BDS001248,Lyophilized Saccharomyces boulardii,no_exact_dailymed_label_match,No accessible DailyMed result matched generic plus strength/form sufficiently for product-level acceptance.,,,
BDS001233,Lyophilized Saccharomyces boulardii,no_exact_dailymed_label_match,No accessible DailyMed result matched generic plus strength/form sufficiently for product-level acceptance.,,,
BDS001484,Mebeverine HCl,no_exact_dailymed_label_match,No accessible DailyMed result matched generic plus strength/form sufficiently for product-level acceptance.,,,
BDS001707,Mebeverine HCl,no_exact_dailymed_label_match,No accessible DailyMed result matched generic plus strength/form sufficiently for product-level acceptance.,,,
BDS002687,Mecobalamin,no_exact_dailymed_label_match,No accessible DailyMed result matched generic plus strength/form sufficiently for product-level acceptance.,,,
BDS002625,Mecobalamin,no_exact_dailymed_label_match,No accessible DailyMed result matched generic plus strength/form sufficiently for product-level acceptance.,,,
BDS044901,Metronidazole,no_exact_dailymed_label_match,No accessible DailyMed result matched generic plus strength/form sufficiently for product-level acceptance.,,,
BDS007193,Metronidazole,no_exact_dailymed_label_match,No accessible DailyMed result matched generic plus strength/form sufficiently for product-level acceptance.,,,
BDS041454,Micronized Loratadine,no_exact_dailymed_label_match,No accessible DailyMed result matched generic plus strength/form sufficiently for product-level acceptance.,,,
BDS041499,Micronized loratadine,no_exact_dailymed_label_match,No accessible DailyMed result matched generic plus strength/form sufficiently for product-level acceptance.,,,
BDS003651,Nicergoline,no_exact_dailymed_label_match,No accessible DailyMed result matched generic plus strength/form sufficiently for product-level acceptance.,,,
BDS003652,Nicergoline,no_exact_dailymed_label_match,No accessible DailyMed result matched generic plus strength/form sufficiently for product-level acceptance.,,,
BDS001238,Povidone-Iodine USP w/v,label_matched_but_missing_required_safety_snippets,,"PROFEND NASAL ANTISEPTIC KIT (POVIDONE IODINE USP, 10% W/W) SWAB [PROFESSIONAL DISPOSABLES INTERNATIONAL, INC.]",https://dailymed.nlm.nih.gov/dailymed/drugInfo.cfm?setid=3eeddd1d-7190-b35c-e063-6394a90ae816,common_side_effect; major_interaction; pregnancy_lactation
BDS001238,Povidone-Iodine USP w/v,no_exact_dailymed_label_match,No accessible DailyMed result matched generic plus strength/form sufficiently for product-level acceptance.,,,
BDS001239,Povidone-Iodine USP w/v,label_matched_but_missing_required_safety_snippets,,"PROFEND NASAL ANTISEPTIC KIT (POVIDONE IODINE USP, 10% W/W) SWAB [PROFESSIONAL DISPOSABLES INTERNATIONAL, INC.]",https://dailymed.nlm.nih.gov/dailymed/drugInfo.cfm?setid=3eeddd1d-7190-b35c-e063-6394a90ae816,common_side_effect; major_interaction; pregnancy_lactation
BDS001239,Povidone-Iodine USP w/v,no_exact_dailymed_label_match,No accessible DailyMed result matched generic plus strength/form sufficiently for product-level acceptance.,,,
BDS044520,Povidone-Iodine w/v,label_matched_but_missing_required_safety_snippets,,"PROFEND NASAL ANTISEPTIC KIT (POVIDONE IODINE USP, 10% W/W) SWAB [PROFESSIONAL DISPOSABLES INTERNATIONAL, INC.]",https://dailymed.nlm.nih.gov/dailymed/drugInfo.cfm?setid=3eeddd1d-7190-b35c-e063-6394a90ae816,common_side_effect; major_interaction; pregnancy_lactation
BDS044520,Povidone-Iodine w/v,no_exact_dailymed_label_match,No accessible DailyMed result matched generic plus strength/form sufficiently for product-level acceptance.,,,
BDS044106,Povidone-Iodine w/v,label_matched_but_missing_required_safety_snippets,,"PROFEND NASAL ANTISEPTIC KIT (POVIDONE IODINE USP, 10% W/W) SWAB [PROFESSIONAL DISPOSABLES INTERNATIONAL, INC.]",https://dailymed.nlm.nih.gov/dailymed/drugInfo.cfm?setid=3eeddd1d-7190-b35c-e063-6394a90ae816,common_side_effect; major_interaction; pregnancy_lactation
BDS044106,Povidone-Iodine w/v,no_exact_dailymed_label_match,No accessible DailyMed result matched generic plus strength/form sufficiently for product-level acceptance.,,,
BDS043842,Racecadotril,no_exact_dailymed_label_match,No accessible DailyMed result matched generic plus strength/form sufficiently for product-level acceptance.,,,
BDS002108,Racecadotril,no_exact_dailymed_label_match,No accessible DailyMed result matched generic plus strength/form sufficiently for product-level acceptance.,,,
BDS001033,Salbutamol Sulphate,no_exact_dailymed_label_match,No accessible DailyMed result matched generic plus strength/form sufficiently for product-level acceptance.,,,
BDS004009,Salbutamol Sulphate,no_exact_dailymed_label_match,No accessible DailyMed result matched generic plus strength/form sufficiently for product-level acceptance.,,,
BDS001682,Urea,no_exact_dailymed_label_match,No accessible DailyMed result matched generic plus strength/form sufficiently for product-level acceptance.,,,
BDS001683,Urea,no_exact_dailymed_label_match,No accessible DailyMed result matched generic plus strength/form sufficiently for product-level acceptance.,,,
BDS003407,Absorbable aescin,no_exact_dailymed_label_match,No accessible DailyMed result matched generic plus strength/form sufficiently for product-level acceptance.,,,
BDS045666,Activated Charcoal,no_exact_dailymed_label_match,No accessible DailyMed result matched generic plus strength/form sufficiently for product-level acceptance.,,,
BDS007719,Acyclovir w/w,no_exact_dailymed_label_match,No accessible DailyMed result matched generic plus strength/form sufficiently for product-level acceptance.,,,
BDS002801,Beta-sitosterol,no_exact_dailymed_label_match,No accessible DailyMed result matched generic plus strength/form sufficiently for product-level acceptance.,,,
BDS007022,Betahistine Mesylate,no_exact_dailymed_label_match,No accessible DailyMed result matched generic plus strength/form sufficiently for product-level acceptance.,,,
BDS041408,Betamethasone Valerate (eq. to Betamethasone,no_exact_dailymed_label_match,No accessible DailyMed result matched generic plus strength/form sufficiently for product-level acceptance.,,,
BDS041433,Bifonazole,no_exact_dailymed_label_match,No accessible DailyMed result matched generic plus strength/form sufficiently for product-level acceptance.,,,
BDS040630,Bilastine,no_exact_dailymed_label_match,No accessible DailyMed result matched generic plus strength/form sufficiently for product-level acceptance.,,,
BDS006036,Butamirate Citrate,no_exact_dailymed_label_match,No accessible DailyMed result matched generic plus strength/form sufficiently for product-level acceptance.,,,
BDS003078,Cefdinir,label_matched_but_missing_required_safety_snippets,,"CEFDINIR POWDER, FOR SUSPENSION [PREFERRED PHARMACEUTICALS INC.]",https://dailymed.nlm.nih.gov/dailymed/drugInfo.cfm?setid=3714d558-cbaa-42e8-831b-ffbbc951ebf2,common_side_effect
BDS003078,Cefdinir,no_exact_dailymed_label_match,No accessible DailyMed result matched generic plus strength/form sufficiently for product-level acceptance.,,,
BDS004212,Cetirizine 2HCI,no_exact_dailymed_label_match,No accessible DailyMed result matched generic plus strength/form sufficiently for product-level acceptance.,,,
BDS046200,Cetylpyridinium chloride,no_exact_dailymed_label_match,No accessible DailyMed result matched generic plus strength/form sufficiently for product-level acceptance.,,,
BDS047669,Sodium Chloride w/v,no_exact_dailymed_label_match,No accessible DailyMed result matched generic plus strength/form sufficiently for product-level acceptance.,,,
BDS002648,Clotrimazole BP w/w,no_exact_dailymed_label_match,No accessible DailyMed result matched generic plus strength/form sufficiently for product-level acceptance.,,,
BDS007682,Cloxacillin,no_exact_dailymed_label_match,No accessible DailyMed result matched generic plus strength/form sufficiently for product-level acceptance.,,,
BDS040024,Crystalline Glucosamine Sulfate Potassium Chloride,no_exact_dailymed_label_match,No accessible DailyMed result matched generic plus strength/form sufficiently for product-level acceptance.,,,
BDS002659,Cyclidrol,no_exact_dailymed_label_match,No accessible DailyMed result matched generic plus strength/form sufficiently for product-level acceptance.,,,
BDS008241,Cyproheptadine HCI,no_exact_dailymed_label_match,No accessible DailyMed result matched generic plus strength/form sufficiently for product-level acceptance.,,,
BDS001526,Desogestrel,no_exact_dailymed_label_match,No accessible DailyMed result matched generic plus strength/form sufficiently for product-level acceptance.,,,
BDS001219,Dexpanthenol,no_exact_dailymed_label_match,No accessible DailyMed result matched generic plus strength/form sufficiently for product-level acceptance.,,,
BDS002211,Dextromethorphan HBr,no_exact_dailymed_label_match,No accessible DailyMed result matched generic plus strength/form sufficiently for product-level acceptance.,,,
BDS003914,Diclofenac Sodium w/w,no_exact_dailymed_label_match,No accessible DailyMed result matched generic plus strength/form sufficiently for product-level acceptance.,,,
BDS001846,Dimethindene maleate,no_exact_dailymed_label_match,No accessible DailyMed result matched generic plus strength/form sufficiently for product-level acceptance.,,,
BDS007911,Diphenhydramine,no_exact_dailymed_label_match,No accessible DailyMed result matched generic plus strength/form sufficiently for product-level acceptance.,,,
BDS008007,Diphenidol hydrochloride,no_exact_dailymed_label_match,No accessible DailyMed result matched generic plus strength/form sufficiently for product-level acceptance.,,,
BDS042303,Docusate Sodium,no_exact_dailymed_label_match,No accessible DailyMed result matched generic plus strength/form sufficiently for product-level acceptance.,,,
BDS001712,Docusate Sodium w/v,no_exact_dailymed_label_match,No accessible DailyMed result matched generic plus strength/form sufficiently for product-level acceptance.,,,
BDS008481,Doxylamine Succinate,no_exact_dailymed_label_match,No accessible DailyMed result matched generic plus strength/form sufficiently for product-level acceptance.,,,
BDS007274,Flavoxate HCl,label_matched_but_missing_required_safety_snippets,,FLAVOXATE HYDROCHLORIDE TABLET [PURACAP LABORATORIES LLC DBA BLU PHARMACEUTICALS],https://dailymed.nlm.nih.gov/dailymed/drugInfo.cfm?setid=f6a06eda-2480-4c0d-8d1e-9e3e89d3ee88,major_interaction
BDS007274,Flavoxate HCl,no_exact_dailymed_label_match,No accessible DailyMed result matched generic plus strength/form sufficiently for product-level acceptance.,,,
BDS001923,Sodium fusidate,no_exact_dailymed_label_match,No accessible DailyMed result matched generic plus strength/form sufficiently for product-level acceptance.,,,
BDS001991,Fusidic acid,no_exact_dailymed_label_match,No accessible DailyMed result matched generic plus strength/form sufficiently for product-level acceptance.,,,
BDS002038,Gentamicin Sulfate,no_exact_dailymed_label_match,No accessible DailyMed result matched generic plus strength/form sufficiently for product-level acceptance.,,,
BDS001639,Gliclazide,no_exact_dailymed_label_match,No accessible DailyMed result matched generic plus strength/form sufficiently for product-level acceptance.,,,
BDS001003,Glucosamine Sulfate Sodium Chloride,no_exact_dailymed_label_match,No accessible DailyMed result matched generic plus strength/form sufficiently for product-level acceptance.,,,
BDS001521,Glucosamine Sulfate NaCl,no_exact_dailymed_label_match,No accessible DailyMed result matched generic plus strength/form sufficiently for product-level acceptance.,,,
BDS001705,Glucosamine Sulphate,no_exact_dailymed_label_match,No accessible DailyMed result matched generic plus strength/form sufficiently for product-level acceptance.,,,
BDS001443,Hydralazine HCl,no_exact_dailymed_label_match,No accessible DailyMed result matched generic plus strength/form sufficiently for product-level acceptance.,,,
BDS047663,Hypromellose,no_exact_dailymed_label_match,No accessible DailyMed result matched generic plus strength/form sufficiently for product-level acceptance.,,,
BDS045617,Hypromellose w/v,no_exact_dailymed_label_match,No accessible DailyMed result matched generic plus strength/form sufficiently for product-level acceptance.,,,
BDS003117,I-Menthol,no_exact_dailymed_label_match,No accessible DailyMed result matched generic plus strength/form sufficiently for product-level acceptance.,,,
BDS001102,Imiquimod w/w,no_exact_dailymed_label_match,No accessible DailyMed result matched generic plus strength/form sufficiently for product-level acceptance.,,,
BDS006242,Ketoprofen,no_exact_dailymed_label_match,No accessible DailyMed result matched generic plus strength/form sufficiently for product-level acceptance.,,,
BDS007691,Ketotifen,no_exact_dailymed_label_match,No accessible DailyMed result matched generic plus strength/form sufficiently for product-level acceptance.,,,
BDS003110,Lansoprazole,no_exact_dailymed_label_match,No accessible DailyMed result matched generic plus strength/form sufficiently for product-level acceptance.,,,
BDS006259,Lercanidipine HCl,no_exact_dailymed_label_match,No accessible DailyMed result matched generic plus strength/form sufficiently for product-level acceptance.,,,
BDS002290,Levodropropizine,no_exact_dailymed_label_match,No accessible DailyMed result matched generic plus strength/form sufficiently for product-level acceptance.,,,
BDS044250,Loxoprofen sodium,no_exact_dailymed_label_match,No accessible DailyMed result matched generic plus strength/form sufficiently for product-level acceptance.,,,
BDS001830,Lynestrenol,no_exact_dailymed_label_match,No accessible DailyMed result matched generic plus strength/form sufficiently for product-level acceptance.,,,
BDS007181,Lysozyme chloride,no_exact_dailymed_label_match,No accessible DailyMed result matched generic plus strength/form sufficiently for product-level acceptance.,,,
BDS008461,Magnesium Hydroxide,no_exact_dailymed_label_match,No accessible DailyMed result matched generic plus strength/form sufficiently for product-level acceptance.,,,
BDS007122,Medicinal Charcoal,no_exact_dailymed_label_match,No accessible DailyMed result matched generic plus strength/form sufficiently for product-level acceptance.,,,
BDS002021,Metformin HCI,no_exact_dailymed_label_match,No accessible DailyMed result matched generic plus strength/form sufficiently for product-level acceptance.,,,
BDS047636,Micronized Silver Sulfadiazine,no_exact_dailymed_label_match,No accessible DailyMed result matched generic plus strength/form sufficiently for product-level acceptance.,,,
BDS007556,Minoxidil,no_exact_dailymed_label_match,No accessible DailyMed result matched generic plus strength/form sufficiently for product-level acceptance.,,,
BDS006250,Mosapride citrate,no_exact_dailymed_label_match,No accessible DailyMed result matched generic plus strength/form sufficiently for product-level acceptance.,,,
BDS001072,Moxifloxacin Hydrochloride,no_exact_dailymed_label_match,No accessible DailyMed result matched generic plus strength/form sufficiently for product-level acceptance.,,,
BDS008231,Mupirocin w/w,no_exact_dailymed_label_match,No accessible DailyMed result matched generic plus strength/form sufficiently for product-level acceptance.,,,
BDS042802,Nifuroxazide,no_exact_dailymed_label_match,No accessible DailyMed result matched generic plus strength/form sufficiently for product-level acceptance.,,,
BDS045631,Nystatin 100,no_exact_dailymed_label_match,No accessible DailyMed result matched generic plus strength/form sufficiently for product-level acceptance.,,,
BDS007971,Ofloxacin,no_exact_dailymed_label_match,No accessible DailyMed result matched generic plus strength/form sufficiently for product-level acceptance.,,,
BDS004151,Orlistat,no_exact_dailymed_label_match,No accessible DailyMed result matched generic plus strength/form sufficiently for product-level acceptance.,,,
BDS046553,Pemirolast potassium,no_exact_dailymed_label_match,No accessible DailyMed result matched generic plus strength/form sufficiently for product-level acceptance.,,,
BDS046547,Povidone-Iodine eq. to Iodine,no_exact_dailymed_label_match,No accessible DailyMed result matched generic plus strength/form sufficiently for product-level acceptance.,,,
BDS001621,Prednicarbate,no_exact_dailymed_label_match,No accessible DailyMed result matched generic plus strength/form sufficiently for product-level acceptance.,,,
BDS047441,Rabeprazole Sandoz,no_exact_dailymed_label_match,No accessible DailyMed result matched generic plus strength/form sufficiently for product-level acceptance.,,,
BDS003417,Rebamipide,no_exact_dailymed_label_match,No accessible DailyMed result matched generic plus strength/form sufficiently for product-level acceptance.,,,
BDS003611,Sennoside,no_exact_dailymed_label_match,No accessible DailyMed result matched generic plus strength/form sufficiently for product-level acceptance.,,,
BDS003613,Sennoside B,no_exact_dailymed_label_match,No accessible DailyMed result matched generic plus strength/form sufficiently for product-level acceptance.,,,
BDS049779,Sertaconazole,no_exact_dailymed_label_match,No accessible DailyMed result matched generic plus strength/form sufficiently for product-level acceptance.,,,
BDS048649,Spike Lavender Oil,no_exact_dailymed_label_match,No accessible DailyMed result matched generic plus strength/form sufficiently for product-level acceptance.,,,
BDS003565,Sucralfate gel,no_exact_dailymed_label_match,No accessible DailyMed result matched generic plus strength/form sufficiently for product-level acceptance.,,,
BDS002563,Terbinafine HCl,no_exact_dailymed_label_match,No accessible DailyMed result matched generic plus strength/form sufficiently for product-level acceptance.,,,
BDS007960,Tranexamic Acid,no_exact_dailymed_label_match,No accessible DailyMed result matched generic plus strength/form sufficiently for product-level acceptance.,,,
BDS043612,Vildagliptin,no_exact_dailymed_label_match,No accessible DailyMed result matched generic plus strength/form sufficiently for product-level acceptance.,,,
BDS002806,Zinc Oxide,no_exact_dailymed_label_match,No accessible DailyMed result matched generic plus strength/form sufficiently for product-level acceptance.,,,
