product_id,display_name,generic_key,form,route,concentration,dose_output_status,auto_dose_enabled,age_bw_rule,dose_basis,max_dose,source_ids,review_reasons,source_runtime_path,source_titles,source_urls,source_organizations,source_years,source_sections,source_snippets_short,evidence_claim_ids,disease_strategy_verified,drug_class_verified,generic_verified,product_label_verified,product_match_verified,dose_verified,pediatric_verified,antibiotic_criteria_verified,no_antibiotic_verified,red_flag_verified,clinical_readiness_refreshed,refresh_action,refresh_reason,remaining_source_gap,next_action,source_ids,source_titles,source_urls,source_organizations,source_years,source_sections,source_snippets_short,evidence_claim_ids,disease_strategy_verified,drug_class_verified,generic_verified,product_label_verified,product_match_verified,dose_verified,pediatric_verified,antibiotic_criteria_verified,no_antibiotic_verified,red_flag_verified,clinical_readiness_refreshed,refresh_action,refresh_reason,remaining_source_gap,next_action
BDS047722,Singulair 5 mg Box 28s [Montelukast Sodium 5.2 mg.],montelukast sodium,powder,oral,"{""manual_review"": true, ""matched_text"": ""5.2 mg"", ""parse_status"": ""unit_strength_only"", ""review_reason"": ""not_a_liquid_concentration"", ""unit"": ""mg"", ""value"": 5.2}",manual_review,False,,,,,missing_verified_pediatric_dose_source; missing_age_bw_rule; missing_max_dose; concentration_missing_or_requires_review,data/pediatric/peds_product_dose_output.json:items[0],,,,,,,,,,,,,,,,,,manual_review_required,keep_blocked_or_manual_review,accepted source-backed evidence not available,true,add accepted source citation with snippet,,,,,,,,,,,,,,,,,,,manual_review_required,keep_blocked_or_manual_review,accepted source-backed evidence not available,true,add accepted source citation with snippet
BDS001084,Azith Oral Suspension [Azithromycin 200 mg./5 ml.],azithromycin,suspension,oral,"{""manual_review"": false, ""matched_text"": ""200 mg./5 ml"", ""parse_status"": ""parsed"", ""unit"": ""mg_per_ml"", ""value"": 40.0}",manual_review,False,,,,,missing_verified_pediatric_dose_source; missing_age_bw_rule; missing_max_dose; antibiotic_requires_disease_specific_indication; antibiotic_requires_duration_source,data/pediatric/peds_product_dose_output.json:items[1],,,,,,,,,,,,,,,,,,manual_review_required,keep_blocked_or_manual_review,accepted source-backed evidence not available,true,add accepted source citation with snippet,,,,,,,,,,,,,,,,,,,manual_review_required,keep_blocked_or_manual_review,accepted source-backed evidence not available,true,add accepted source citation with snippet
BDS001441,Cefspan Suspension [Cefixime 100 mg./5 ml.],cefixime,suspension,oral,"{""manual_review"": false, ""matched_text"": ""100 mg./5 ml"", ""parse_status"": ""parsed"", ""unit"": ""mg_per_ml"", ""value"": 20.0}",manual_review,False,,,,,missing_verified_pediatric_dose_source; missing_age_bw_rule; missing_max_dose; antibiotic_requires_disease_specific_indication; antibiotic_requires_duration_source,data/pediatric/peds_product_dose_output.json:items[2],,,,,,,,,,,,,,,,,,manual_review_required,keep_blocked_or_manual_review,accepted source-backed evidence not available,true,add accepted source citation with snippet,,,,,,,,,,,,,,,,,,,manual_review_required,keep_blocked_or_manual_review,accepted source-backed evidence not available,true,add accepted source citation with snippet
BDS002206,Ibilex Syrup [Cephalexin 125 mg./5 ml.],cephalexin,syrup,oral,"{""manual_review"": false, ""matched_text"": ""125 mg./5 ml"", ""parse_status"": ""parsed"", ""unit"": ""mg_per_ml"", ""value"": 25.0}",manual_review,False,,,,,missing_verified_pediatric_dose_source; missing_age_bw_rule; missing_max_dose; antibiotic_requires_disease_specific_indication; antibiotic_requires_duration_source,data/pediatric/peds_product_dose_output.json:items[3],,,,,,,,,,,,,,,,,,manual_review_required,keep_blocked_or_manual_review,accepted source-backed evidence not available,true,add accepted source citation with snippet,,,,,,,,,,,,,,,,,,,manual_review_required,keep_blocked_or_manual_review,accepted source-backed evidence not available,true,add accepted source citation with snippet
BDS007586,Newtamox For Oral Suspension [Amoxicillin 125 mg./5 ml.],amoxicillin,suspension,oral,"{""manual_review"": false, ""matched_text"": ""125 mg./5 ml"", ""parse_status"": ""parsed"", ""unit"": ""mg_per_ml"", ""value"": 25.0}",manual_review,False,,,,,missing_verified_pediatric_dose_source; missing_age_bw_rule; missing_max_dose; antibiotic_requires_disease_specific_indication; antibiotic_requires_duration_source,data/pediatric/peds_product_dose_output.json:items[4],,,,,,,,,,,,,,,,,,manual_review_required,keep_blocked_or_manual_review,accepted source-backed evidence not available,true,add accepted source citation with snippet,,,,,,,,,,,,,,,,,,,manual_review_required,keep_blocked_or_manual_review,accepted source-backed evidence not available,true,add accepted source citation with snippet
BDS046209,Onzet Oral Suspension [Azithromycin 200 mg./5 ml.],azithromycin,suspension,oral,"{""manual_review"": false, ""matched_text"": ""200 mg./5 ml"", ""parse_status"": ""parsed"", ""unit"": ""mg_per_ml"", ""value"": 40.0}",manual_review,False,,,,,missing_verified_pediatric_dose_source; missing_age_bw_rule; missing_max_dose; antibiotic_requires_disease_specific_indication; antibiotic_requires_duration_source,data/pediatric/peds_product_dose_output.json:items[5],,,,,,,,,,,,,,,,,,manual_review_required,keep_blocked_or_manual_review,accepted source-backed evidence not available,true,add accepted source citation with snippet,,,,,,,,,,,,,,,,,,,manual_review_required,keep_blocked_or_manual_review,accepted source-backed evidence not available,true,add accepted source citation with snippet
BDS003549,Sia-Mox Syrup 125 mg [Amoxicillin 125 mg./5 ml.],amoxicillin,syrup,oral,"{""manual_review"": false, ""matched_text"": ""125 mg./5 ml"", ""parse_status"": ""parsed"", ""unit"": ""mg_per_ml"", ""value"": 25.0}",manual_review,False,,,,,missing_verified_pediatric_dose_source; missing_age_bw_rule; missing_max_dose; antibiotic_requires_disease_specific_indication; antibiotic_requires_duration_source,data/pediatric/peds_product_dose_output.json:items[6],,,,,,,,,,,,,,,,,,manual_review_required,keep_blocked_or_manual_review,accepted source-backed evidence not available,true,add accepted source citation with snippet,,,,,,,,,,,,,,,,,,,manual_review_required,keep_blocked_or_manual_review,accepted source-backed evidence not available,true,add accepted source citation with snippet
BDS003550,Sia-Mox Syrup 250 mg [Amoxicillin 250 mg./5 ml.],amoxicillin,syrup,oral,"{""manual_review"": false, ""matched_text"": ""250 mg./5 ml"", ""parse_status"": ""parsed"", ""unit"": ""mg_per_ml"", ""value"": 50.0}",manual_review,False,,,,,missing_verified_pediatric_dose_source; missing_age_bw_rule; missing_max_dose; antibiotic_requires_disease_specific_indication; antibiotic_requires_duration_source,data/pediatric/peds_product_dose_output.json:items[7],,,,,,,,,,,,,,,,,,manual_review_required,keep_blocked_or_manual_review,accepted source-backed evidence not available,true,add accepted source citation with snippet,,,,,,,,,,,,,,,,,,,manual_review_required,keep_blocked_or_manual_review,accepted source-backed evidence not available,true,add accepted source citation with snippet
BDS007682,Xalin Dry Syrup 125 mg [Cloxacillin 125 mg./5 ml.],cloxacillin,syrup,oral,"{""manual_review"": false, ""matched_text"": ""125 mg./5 ml"", ""parse_status"": ""parsed"", ""unit"": ""mg_per_ml"", ""value"": 25.0}",manual_review,False,,,,,missing_verified_pediatric_dose_source; missing_age_bw_rule; missing_max_dose; antibiotic_requires_disease_specific_indication; antibiotic_requires_duration_source,data/pediatric/peds_product_dose_output.json:items[8],,,,,,,,,,,,,,,,,,manual_review_required,keep_blocked_or_manual_review,accepted source-backed evidence not available,true,add accepted source citation with snippet,,,,,,,,,,,,,,,,,,,manual_review_required,keep_blocked_or_manual_review,accepted source-backed evidence not available,true,add accepted source citation with snippet
BDS008609,Ampol Suspension [Paracetamol 120 mg./5 ml.],paracetamol,suspension,oral,"{""manual_review"": false, ""matched_text"": ""120 mg./5 ml"", ""parse_status"": ""parsed"", ""unit"": ""mg_per_ml"", ""value"": 24.0}",manual_review,False,,,,,missing_verified_pediatric_dose_source; missing_age_bw_rule; missing_max_dose,data/pediatric/peds_product_dose_output.json:items[9],,,,,,,,,,,,,,,,,,manual_review_required,keep_blocked_or_manual_review,accepted source-backed evidence not available,true,add accepted source citation with snippet,,,,,,,,,,,,,,,,,,,manual_review_required,keep_blocked_or_manual_review,accepted source-backed evidence not available,true,add accepted source citation with snippet
BDS002407,Kit-F Drops [Paracetamol 60 mg./0.6 ml.],paracetamol,drops,oral,"{""manual_review"": false, ""matched_text"": ""60 mg./0.6 ml"", ""parse_status"": ""parsed"", ""unit"": ""mg_per_ml"", ""value"": 100.0}",manual_review,False,,,,,missing_verified_pediatric_dose_source; missing_age_bw_rule; missing_max_dose,data/pediatric/peds_product_dose_output.json:items[10],,,,,,,,,,,,,,,,,,manual_review_required,keep_blocked_or_manual_review,accepted source-backed evidence not available,true,add accepted source citation with snippet,,,,,,,,,,,,,,,,,,,manual_review_required,keep_blocked_or_manual_review,accepted source-backed evidence not available,true,add accepted source citation with snippet
BDS007583,Newtamol Syrup [Paracetamol 150 mg./5 ml.],paracetamol,syrup,oral,"{""manual_review"": false, ""matched_text"": ""150 mg./5 ml"", ""parse_status"": ""parsed"", ""unit"": ""mg_per_ml"", ""value"": 30.0}",manual_review,False,,,,,missing_verified_pediatric_dose_source; missing_age_bw_rule; missing_max_dose,data/pediatric/peds_product_dose_output.json:items[11],,,,,,,,,,,,,,,,,,manual_review_required,keep_blocked_or_manual_review,accepted source-backed evidence not available,true,add accepted source citation with snippet,,,,,,,,,,,,,,,,,,,manual_review_required,keep_blocked_or_manual_review,accepted source-backed evidence not available,true,add accepted source citation with snippet
BDS002861,Panadol Orange Suspension [Paracetamol 250 mg./5 ml.],paracetamol,suspension,oral,"{""manual_review"": false, ""matched_text"": ""250 mg./5 ml"", ""parse_status"": ""parsed"", ""unit"": ""mg_per_ml"", ""value"": 50.0}",manual_review,False,,,,,missing_verified_pediatric_dose_source; missing_age_bw_rule; missing_max_dose,data/pediatric/peds_product_dose_output.json:items[12],,,,,,,,,,,,,,,,,,manual_review_required,keep_blocked_or_manual_review,accepted source-backed evidence not available,true,add accepted source citation with snippet,,,,,,,,,,,,,,,,,,,manual_review_required,keep_blocked_or_manual_review,accepted source-backed evidence not available,true,add accepted source citation with snippet
BDS002847,Panadol Strawberry Suspension [Paracetamol 120 mg./5 ml.],paracetamol,suspension,oral,"{""manual_review"": false, ""matched_text"": ""120 mg./5 ml"", ""parse_status"": ""parsed"", ""unit"": ""mg_per_ml"", ""value"": 24.0}",manual_review,False,,,,,missing_verified_pediatric_dose_source; missing_age_bw_rule; missing_max_dose,data/pediatric/peds_product_dose_output.json:items[13],,,,,,,,,,,,,,,,,,manual_review_required,keep_blocked_or_manual_review,accepted source-backed evidence not available,true,add accepted source citation with snippet,,,,,,,,,,,,,,,,,,,manual_review_required,keep_blocked_or_manual_review,accepted source-backed evidence not available,true,add accepted source citation with snippet
BDS008137,Poro Suspension [Paracetamol 250 mg./5 ml.],paracetamol,suspension,oral,"{""manual_review"": false, ""matched_text"": ""250 mg./5 ml"", ""parse_status"": ""parsed"", ""unit"": ""mg_per_ml"", ""value"": 50.0}",manual_review,False,,,,,missing_verified_pediatric_dose_source; missing_age_bw_rule; missing_max_dose,data/pediatric/peds_product_dose_output.json:items[14],,,,,,,,,,,,,,,,,,manual_review_required,keep_blocked_or_manual_review,accepted source-backed evidence not available,true,add accepted source citation with snippet,,,,,,,,,,,,,,,,,,,manual_review_required,keep_blocked_or_manual_review,accepted source-backed evidence not available,true,add accepted source citation with snippet
BDS003597,Sara Infant Drops (รสองุ่น) [Paracetamol 60 mg./0.6 ml.],paracetamol,drops,oral,"{""manual_review"": false, ""matched_text"": ""60 mg./0.6 ml"", ""parse_status"": ""parsed"", ""unit"": ""mg_per_ml"", ""value"": 100.0}",manual_review,False,,,,,missing_verified_pediatric_dose_source; missing_age_bw_rule; missing_max_dose,data/pediatric/peds_product_dose_output.json:items[15],,,,,,,,,,,,,,,,,,manual_review_required,keep_blocked_or_manual_review,accepted source-backed evidence not available,true,add accepted source citation with snippet,,,,,,,,,,,,,,,,,,,manual_review_required,keep_blocked_or_manual_review,accepted source-backed evidence not available,true,add accepted source citation with snippet
BDS003711,Tempra Drop [Paracetamol 80 mg./0.8 ml.],paracetamol,drops,oral,"{""manual_review"": false, ""matched_text"": ""80 mg./0.8 ml"", ""parse_status"": ""parsed"", ""unit"": ""mg_per_ml"", ""value"": 100.0}",manual_review,False,,,,,missing_verified_pediatric_dose_source; missing_age_bw_rule; missing_max_dose,data/pediatric/peds_product_dose_output.json:items[16],,,,,,,,,,,,,,,,,,manual_review_required,keep_blocked_or_manual_review,accepted source-backed evidence not available,true,add accepted source citation with snippet,,,,,,,,,,,,,,,,,,,manual_review_required,keep_blocked_or_manual_review,accepted source-backed evidence not available,true,add accepted source citation with snippet
BDS003737,Tylenol Drop [Paracetamol 80 mg./0.8 ml.],paracetamol,drops,oral,"{""manual_review"": false, ""matched_text"": ""80 mg./0.8 ml"", ""parse_status"": ""parsed"", ""unit"": ""mg_per_ml"", ""value"": 100.0}",manual_review,False,,,,,missing_verified_pediatric_dose_source; missing_age_bw_rule; missing_max_dose,data/pediatric/peds_product_dose_output.json:items[17],,,,,,,,,,,,,,,,,,manual_review_required,keep_blocked_or_manual_review,accepted source-backed evidence not available,true,add accepted source citation with snippet,,,,,,,,,,,,,,,,,,,manual_review_required,keep_blocked_or_manual_review,accepted source-backed evidence not available,true,add accepted source citation with snippet
BDS003763,Tylenol Suspension [Paracetamol 160 mg./5 ml.],paracetamol,suspension,oral,"{""manual_review"": false, ""matched_text"": ""160 mg./5 ml"", ""parse_status"": ""parsed"", ""unit"": ""mg_per_ml"", ""value"": 32.0}",manual_review,False,,,,,missing_verified_pediatric_dose_source; missing_age_bw_rule; missing_max_dose,data/pediatric/peds_product_dose_output.json:items[18],,,,,,,,,,,,,,,,,,manual_review_required,keep_blocked_or_manual_review,accepted source-backed evidence not available,true,add accepted source citation with snippet,,,,,,,,,,,,,,,,,,,manual_review_required,keep_blocked_or_manual_review,accepted source-backed evidence not available,true,add accepted source citation with snippet
BDS001015,Aerius Syrup [Desloratadine 0.5 mg./1 ml.],desloratadine,syrup,oral,"{""manual_review"": false, ""matched_text"": ""0.5 mg./1 ml"", ""parse_status"": ""parsed"", ""unit"": ""mg_per_ml"", ""value"": 0.5}",manual_review,False,,,,,missing_verified_pediatric_dose_source; missing_age_bw_rule; missing_max_dose,data/pediatric/peds_product_dose_output.json:items[19],,,,,,,,,,,,,,,,,,manual_review_required,keep_blocked_or_manual_review,accepted source-backed evidence not available,true,add accepted source citation with snippet,,,,,,,,,,,,,,,,,,,manual_review_required,keep_blocked_or_manual_review,accepted source-backed evidence not available,true,add accepted source citation with snippet
BDS007003,Asiatapp Infant Drops (ควบคุมจำนวน) [Brompheniramine Maleate 2.0 mg.+Phenylephrine HCl 2.5 mg./1 ml.],brompheniramine maleate + phenylephrine hcl,drops,oral,"{""manual_review"": false, ""matched_text"": ""2.5 mg./1 ml"", ""parse_status"": ""parsed"", ""unit"": ""mg_per_ml"", ""value"": 2.5}",manual_review,False,,,,,missing_verified_pediatric_dose_source; missing_age_bw_rule; missing_max_dose,data/pediatric/peds_product_dose_output.json:items[20],,,,,,,,,,,,,,,,,,manual_review_required,keep_blocked_or_manual_review,accepted source-backed evidence not available,true,add accepted source citation with snippet,,,,,,,,,,,,,,,,,,,manual_review_required,keep_blocked_or_manual_review,accepted source-backed evidence not available,true,add accepted source citation with snippet
BDS008047,Asiatapp Syrup (ควบคุมจำนวน) [Brompheniramine Maleate 4 mg.+Phenylephrine HCl 10 mg./5 ml.],brompheniramine maleate + phenylephrine hcl,syrup,oral,"{""manual_review"": false, ""matched_text"": ""10 mg./5 ml"", ""parse_status"": ""parsed"", ""unit"": ""mg_per_ml"", ""value"": 2.0}",manual_review,False,,,,,missing_verified_pediatric_dose_source; missing_age_bw_rule; missing_max_dose,data/pediatric/peds_product_dose_output.json:items[21],,,,,,,,,,,,,,,,,,manual_review_required,keep_blocked_or_manual_review,accepted source-backed evidence not available,true,add accepted source citation with snippet,,,,,,,,,,,,,,,,,,,manual_review_required,keep_blocked_or_manual_review,accepted source-backed evidence not available,true,add accepted source citation with snippet
BDS008033,Chlophen Syrup (ควบคุมจำนวน) [Chlorpheniramine Maleate 2 mg./5 ml.],chlorpheniramine maleate,syrup,ophthalmic,"{""manual_review"": false, ""matched_text"": ""2 mg./5 ml"", ""parse_status"": ""parsed"", ""unit"": ""mg_per_ml"", ""value"": 0.4}",manual_review,False,,,,,missing_verified_pediatric_dose_source; missing_age_bw_rule; missing_max_dose,data/pediatric/peds_product_dose_output.json:items[22],,,,,,,,,,,,,,,,,,manual_review_required,keep_blocked_or_manual_review,accepted source-backed evidence not available,true,add accepted source citation with snippet,,,,,,,,,,,,,,,,,,,manual_review_required,keep_blocked_or_manual_review,accepted source-backed evidence not available,true,add accepted source citation with snippet
BDS007038,Cistamine Syrup [Cetirizine 2HCl 5 mg./5 ml.],cetirizine 2hcl,syrup,oral,"{""manual_review"": false, ""matched_text"": ""5 mg./5 ml"", ""parse_status"": ""parsed"", ""unit"": ""mg_per_ml"", ""value"": 1.0}",manual_review,False,,,,,missing_verified_pediatric_dose_source; missing_age_bw_rule; missing_max_dose,data/pediatric/peds_product_dose_output.json:items[23],,,,,,,,,,,,,,,,,,manual_review_required,keep_blocked_or_manual_review,accepted source-backed evidence not available,true,add accepted source citation with snippet,,,,,,,,,,,,,,,,,,,manual_review_required,keep_blocked_or_manual_review,accepted source-backed evidence not available,true,add accepted source citation with snippet
BDS044519,Lorius Syrup [Desloratadine 0.5 mg./1 ml.],desloratadine,syrup,oral,"{""manual_review"": false, ""matched_text"": ""0.5 mg./1 ml"", ""parse_status"": ""parsed"", ""unit"": ""mg_per_ml"", ""value"": 0.5}",manual_review,False,,,,,missing_verified_pediatric_dose_source; missing_age_bw_rule; missing_max_dose,data/pediatric/peds_product_dose_output.json:items[24],,,,,,,,,,,,,,,,,,manual_review_required,keep_blocked_or_manual_review,accepted source-backed evidence not available,true,add accepted source citation with snippet,,,,,,,,,,,,,,,,,,,manual_review_required,keep_blocked_or_manual_review,accepted source-backed evidence not available,true,add accepted source citation with snippet
BDS007271,Sea Chlor Syrup (ควบคุมจำนวน) [Chlorpheniramine Maleate 2 mg./5 ml.],chlorpheniramine maleate,syrup,oral,"{""manual_review"": false, ""matched_text"": ""2 mg./5 ml"", ""parse_status"": ""parsed"", ""unit"": ""mg_per_ml"", ""value"": 0.4}",manual_review,False,,,,,missing_verified_pediatric_dose_source; missing_age_bw_rule; missing_max_dose,data/pediatric/peds_product_dose_output.json:items[25],,,,,,,,,,,,,,,,,,manual_review_required,keep_blocked_or_manual_review,accepted source-backed evidence not available,true,add accepted source citation with snippet,,,,,,,,,,,,,,,,,,,manual_review_required,keep_blocked_or_manual_review,accepted source-backed evidence not available,true,add accepted source citation with snippet
BDS008301,Trandrozine Syrup (ควบคุมจำนวน) [Hydroxyzine HCl 10 mg./5 ml.],hydroxyzine hcl,syrup,oral,"{""manual_review"": false, ""matched_text"": ""10 mg./5 ml"", ""parse_status"": ""parsed"", ""unit"": ""mg_per_ml"", ""value"": 2.0}",manual_review,False,,,,,missing_verified_pediatric_dose_source; missing_age_bw_rule; missing_max_dose,data/pediatric/peds_product_dose_output.json:items[26],,,,,,,,,,,,,,,,,,manual_review_required,keep_blocked_or_manual_review,accepted source-backed evidence not available,true,add accepted source citation with snippet,,,,,,,,,,,,,,,,,,,manual_review_required,keep_blocked_or_manual_review,accepted source-backed evidence not available,true,add accepted source citation with snippet
BDS008086,Zermed Syrup [Cetirizine 2HCl 5 mg./5 ml.],cetirizine 2hcl,syrup,oral,"{""manual_review"": false, ""matched_text"": ""5 mg./5 ml"", ""parse_status"": ""parsed"", ""unit"": ""mg_per_ml"", ""value"": 1.0}",manual_review,False,,,,,missing_verified_pediatric_dose_source; missing_age_bw_rule; missing_max_dose,data/pediatric/peds_product_dose_output.json:items[27],,,,,,,,,,,,,,,,,,manual_review_required,keep_blocked_or_manual_review,accepted source-backed evidence not available,true,add accepted source citation with snippet,,,,,,,,,,,,,,,,,,,manual_review_required,keep_blocked_or_manual_review,accepted source-backed evidence not available,true,add accepted source citation with snippet
BDS004212,Zyrtec Syrup [Cetirizine 2HCI 1 mg./1 ml.],cetirizine 2hci,syrup,oral,"{""manual_review"": false, ""matched_text"": ""1 mg./1 ml"", ""parse_status"": ""parsed"", ""unit"": ""mg_per_ml"", ""value"": 1.0}",manual_review,False,,,,,missing_verified_pediatric_dose_source; missing_age_bw_rule; missing_max_dose,data/pediatric/peds_product_dose_output.json:items[28],,,,,,,,,,,,,,,,,,manual_review_required,keep_blocked_or_manual_review,accepted source-backed evidence not available,true,add accepted source citation with snippet,,,,,,,,,,,,,,,,,,,manual_review_required,keep_blocked_or_manual_review,accepted source-backed evidence not available,true,add accepted source citation with snippet
BDS006036,Icorin Kids Syrup [Butamirate Citrate 4 mg/5 ml],butamirate citrate,syrup,oral,"{""manual_review"": false, ""matched_text"": ""4 mg/5 ml"", ""parse_status"": ""parsed"", ""unit"": ""mg_per_ml"", ""value"": 0.8}",manual_review,False,,,,,missing_verified_pediatric_dose_source; missing_age_bw_rule; missing_max_dose,data/pediatric/peds_product_dose_output.json:items[29],,,,,,,,,,,,,,,,,,manual_review_required,keep_blocked_or_manual_review,accepted source-backed evidence not available,true,add accepted source citation with snippet,,,,,,,,,,,,,,,,,,,manual_review_required,keep_blocked_or_manual_review,accepted source-backed evidence not available,true,add accepted source citation with snippet
BDS002290,Ivorin Syrup [Levodropropizine 30 mg./5 ml.],levodropropizine,syrup,oral,"{""manual_review"": false, ""matched_text"": ""30 mg./5 ml"", ""parse_status"": ""parsed"", ""unit"": ""mg_per_ml"", ""value"": 6.0}",manual_review,False,,,,,missing_verified_pediatric_dose_source; missing_age_bw_rule; missing_max_dose,data/pediatric/peds_product_dose_output.json:items[30],,,,,,,,,,,,,,,,,,manual_review_required,keep_blocked_or_manual_review,accepted source-backed evidence not available,true,add accepted source citation with snippet,,,,,,,,,,,,,,,,,,,manual_review_required,keep_blocked_or_manual_review,accepted source-backed evidence not available,true,add accepted source citation with snippet
BDS001257,Bisolvon EX Syrup เล็ก [Bromhexine HCl 4 mg.+K guaiacolsulphonate 100 mg./5 ml.],bromhexine hcl + k guaiacolsulphonate,syrup,oral,"{""manual_review"": false, ""matched_text"": ""100 mg./5 ml"", ""parse_status"": ""parsed"", ""unit"": ""mg_per_ml"", ""value"": 20.0}",manual_review,False,,,,,missing_verified_pediatric_dose_source; missing_age_bw_rule; missing_max_dose,data/pediatric/peds_product_dose_output.json:items[31],,,,,,,,,,,,,,,,,,manual_review_required,keep_blocked_or_manual_review,accepted source-backed evidence not available,true,add accepted source citation with snippet,,,,,,,,,,,,,,,,,,,manual_review_required,keep_blocked_or_manual_review,accepted source-backed evidence not available,true,add accepted source citation with snippet
BDS001296,Bisolvon EX Syrup ใหญ่ [Bromhexine HCl 4 mg.+K guaiacolsulphonate 100 mg./5 ml.],bromhexine hcl + k guaiacolsulphonate,syrup,oral,"{""manual_review"": false, ""matched_text"": ""100 mg./5 ml"", ""parse_status"": ""parsed"", ""unit"": ""mg_per_ml"", ""value"": 20.0}",manual_review,False,,,,,missing_verified_pediatric_dose_source; missing_age_bw_rule; missing_max_dose,data/pediatric/peds_product_dose_output.json:items[32],,,,,,,,,,,,,,,,,,manual_review_required,keep_blocked_or_manual_review,accepted source-backed evidence not available,true,add accepted source citation with snippet,,,,,,,,,,,,,,,,,,,manual_review_required,keep_blocked_or_manual_review,accepted source-backed evidence not available,true,add accepted source citation with snippet
BDS001253,Bisolvon Pediatric Syrup [Bromhexine HCl 4 mg./5 ml.],bromhexine hcl,syrup,oral,"{""manual_review"": false, ""matched_text"": ""4 mg./5 ml"", ""parse_status"": ""parsed"", ""unit"": ""mg_per_ml"", ""value"": 0.8}",manual_review,False,,,,,missing_verified_pediatric_dose_source; missing_age_bw_rule; missing_max_dose,data/pediatric/peds_product_dose_output.json:items[33],,,,,,,,,,,,,,,,,,manual_review_required,keep_blocked_or_manual_review,accepted source-backed evidence not available,true,add accepted source citation with snippet,,,,,,,,,,,,,,,,,,,manual_review_required,keep_blocked_or_manual_review,accepted source-backed evidence not available,true,add accepted source citation with snippet
BDS007033,Bocytin Syrup [Carbocysteine 250 mg./5 ml.],carbocysteine,syrup,oral,"{""manual_review"": false, ""matched_text"": ""250 mg./5 ml"", ""parse_status"": ""parsed"", ""unit"": ""mg_per_ml"", ""value"": 50.0}",manual_review,False,,,,,missing_verified_pediatric_dose_source; missing_age_bw_rule; missing_max_dose,data/pediatric/peds_product_dose_output.json:items[34],,,,,,,,,,,,,,,,,,manual_review_required,keep_blocked_or_manual_review,accepted source-backed evidence not available,true,add accepted source citation with snippet,,,,,,,,,,,,,,,,,,,manual_review_required,keep_blocked_or_manual_review,accepted source-backed evidence not available,true,add accepted source citation with snippet
BDS041506,Carboflex Syrup [Carbocysteine 250 mg./5 ml.],carbocysteine,syrup,oral,"{""manual_review"": false, ""matched_text"": ""250 mg./5 ml"", ""parse_status"": ""parsed"", ""unit"": ""mg_per_ml"", ""value"": 50.0}",manual_review,False,,,,,missing_verified_pediatric_dose_source; missing_age_bw_rule; missing_max_dose,data/pediatric/peds_product_dose_output.json:items[35],,,,,,,,,,,,,,,,,,manual_review_required,keep_blocked_or_manual_review,accepted source-backed evidence not available,true,add accepted source citation with snippet,,,,,,,,,,,,,,,,,,,manual_review_required,keep_blocked_or_manual_review,accepted source-backed evidence not available,true,add accepted source citation with snippet
BDS001920,Flemex Syrup [Carbocysteine 250 mg./5 ml.],carbocysteine,syrup,oral,"{""manual_review"": false, ""matched_text"": ""250 mg./5 ml"", ""parse_status"": ""parsed"", ""unit"": ""mg_per_ml"", ""value"": 50.0}",manual_review,False,,,,,missing_verified_pediatric_dose_source; missing_age_bw_rule; missing_max_dose,data/pediatric/peds_product_dose_output.json:items[36],,,,,,,,,,,,,,,,,,manual_review_required,keep_blocked_or_manual_review,accepted source-backed evidence not available,true,add accepted source citation with snippet,,,,,,,,,,,,,,,,,,,manual_review_required,keep_blocked_or_manual_review,accepted source-backed evidence not available,true,add accepted source citation with snippet
BDS002659,Mucoflux Syrup [Cyclidrol 80 mg./10 ml.],cyclidrol,syrup,oral,"{""manual_review"": false, ""matched_text"": ""80 mg./10 ml"", ""parse_status"": ""parsed"", ""unit"": ""mg_per_ml"", ""value"": 8.0}",manual_review,False,,,,,missing_verified_pediatric_dose_source; missing_age_bw_rule; missing_max_dose,data/pediatric/peds_product_dose_output.json:items[37],,,,,,,,,,,,,,,,,,manual_review_required,keep_blocked_or_manual_review,accepted source-backed evidence not available,true,add accepted source citation with snippet,,,,,,,,,,,,,,,,,,,manual_review_required,keep_blocked_or_manual_review,accepted source-backed evidence not available,true,add accepted source citation with snippet
BDS002654,Mucolid Syrup [Ambroxol HCl 30 mg./5 ml.],ambroxol hcl,syrup,oral,"{""manual_review"": false, ""matched_text"": ""30 mg./5 ml"", ""parse_status"": ""parsed"", ""unit"": ""mg_per_ml"", ""value"": 6.0}",manual_review,False,,,,,missing_verified_pediatric_dose_source; missing_age_bw_rule; missing_max_dose,data/pediatric/peds_product_dose_output.json:items[38],,,,,,,,,,,,,,,,,,manual_review_required,keep_blocked_or_manual_review,accepted source-backed evidence not available,true,add accepted source citation with snippet,,,,,,,,,,,,,,,,,,,manual_review_required,keep_blocked_or_manual_review,accepted source-backed evidence not available,true,add accepted source citation with snippet
BDS003697,Solmax Forte Suspension [Carbocysteine 500 mg./5 ml.],carbocysteine,suspension,oral,"{""manual_review"": false, ""matched_text"": ""500 mg./5 ml"", ""parse_status"": ""parsed"", ""unit"": ""mg_per_ml"", ""value"": 100.0}",manual_review,False,,,,,missing_verified_pediatric_dose_source; missing_age_bw_rule; missing_max_dose,data/pediatric/peds_product_dose_output.json:items[39],,,,,,,,,,,,,,,,,,manual_review_required,keep_blocked_or_manual_review,accepted source-backed evidence not available,true,add accepted source citation with snippet,,,,,,,,,,,,,,,,,,,manual_review_required,keep_blocked_or_manual_review,accepted source-backed evidence not available,true,add accepted source citation with snippet
BDS003782,Solmax Kids Suspension [Carbocysteine 200 mg./5 ml.],carbocysteine,suspension,oral,"{""manual_review"": false, ""matched_text"": ""200 mg./5 ml"", ""parse_status"": ""parsed"", ""unit"": ""mg_per_ml"", ""value"": 40.0}",manual_review,False,,,,,missing_verified_pediatric_dose_source; missing_age_bw_rule; missing_max_dose,data/pediatric/peds_product_dose_output.json:items[40],,,,,,,,,,,,,,,,,,manual_review_required,keep_blocked_or_manual_review,accepted source-backed evidence not available,true,add accepted source citation with snippet,,,,,,,,,,,,,,,,,,,manual_review_required,keep_blocked_or_manual_review,accepted source-backed evidence not available,true,add accepted source citation with snippet
BDS001231,Benda Syrup กลิ่นผลไม้รวม [Mebendazole 100 mg./5 ml.],mebendazole,syrup,oral,"{""manual_review"": false, ""matched_text"": ""100 mg./5 ml"", ""parse_status"": ""parsed"", ""unit"": ""mg_per_ml"", ""value"": 20.0}",manual_review,False,,,,,missing_verified_pediatric_dose_source; missing_age_bw_rule; missing_max_dose,data/pediatric/peds_product_dose_output.json:items[41],,,,,,,,,,,,,,,,,,manual_review_required,keep_blocked_or_manual_review,accepted source-backed evidence not available,true,add accepted source citation with snippet,,,,,,,,,,,,,,,,,,,manual_review_required,keep_blocked_or_manual_review,accepted source-backed evidence not available,true,add accepted source citation with snippet
BDS049775,Zenzera-200 Suspension [Albendazole 200 mg./5 ml.],albendazole,suspension,oral,"{""manual_review"": false, ""matched_text"": ""200 mg./5 ml"", ""parse_status"": ""parsed"", ""unit"": ""mg_per_ml"", ""value"": 40.0}",manual_review,False,,,,,missing_verified_pediatric_dose_source; missing_age_bw_rule; missing_max_dose,data/pediatric/peds_product_dose_output.json:items[42],,,,,,,,,,,,,,,,,,manual_review_required,keep_blocked_or_manual_review,accepted source-backed evidence not available,true,add accepted source citation with snippet,,,,,,,,,,,,,,,,,,,manual_review_required,keep_blocked_or_manual_review,accepted source-backed evidence not available,true,add accepted source citation with snippet
BDS001458,Asthmasian Expectorant Syrup [Terbutaline sulfate 1.5 mg.+Glyceryl guaiacolate 100 mg.],terbutaline sulfate + glyceryl guaiacolate,syrup,oral,"{""manual_review"": true, ""matched_text"": ""1.5 mg"", ""parse_status"": ""unit_strength_only"", ""review_reason"": ""not_a_liquid_concentration"", ""unit"": ""mg"", ""value"": 1.5}",manual_review,False,,,,,missing_verified_pediatric_dose_source; missing_age_bw_rule; missing_max_dose; concentration_missing_or_requires_review,data/pediatric/peds_product_dose_output.json:items[43],,,,,,,,,,,,,,,,,,manual_review_required,keep_blocked_or_manual_review,accepted source-backed evidence not available,true,add accepted source citation with snippet,,,,,,,,,,,,,,,,,,,manual_review_required,keep_blocked_or_manual_review,accepted source-backed evidence not available,true,add accepted source citation with snippet
BDS003645,Salbulin Syrup [Salbutamol 2.4 mg./5 ml.],salbutamol,syrup,oral,"{""manual_review"": false, ""matched_text"": ""2.4 mg./5 ml"", ""parse_status"": ""parsed"", ""unit"": ""mg_per_ml"", ""value"": 0.48}",manual_review,False,,,,,missing_verified_pediatric_dose_source; missing_age_bw_rule; missing_max_dose,data/pediatric/peds_product_dose_output.json:items[44],,,,,,,,,,,,,,,,,,manual_review_required,keep_blocked_or_manual_review,accepted source-backed evidence not available,true,add accepted source citation with snippet,,,,,,,,,,,,,,,,,,,manual_review_required,keep_blocked_or_manual_review,accepted source-backed evidence not available,true,add accepted source citation with snippet
BDS003589,Salmol Syrup [Salbutamol 2 mg./5 ml.],salbutamol,syrup,oral,"{""manual_review"": false, ""matched_text"": ""2 mg./5 ml"", ""parse_status"": ""parsed"", ""unit"": ""mg_per_ml"", ""value"": 0.4}",manual_review,False,,,,,missing_verified_pediatric_dose_source; missing_age_bw_rule; missing_max_dose,data/pediatric/peds_product_dose_output.json:items[45],,,,,,,,,,,,,,,,,,manual_review_required,keep_blocked_or_manual_review,accepted source-backed evidence not available,true,add accepted source citation with snippet,,,,,,,,,,,,,,,,,,,manual_review_required,keep_blocked_or_manual_review,accepted source-backed evidence not available,true,add accepted source citation with snippet
BDS001071,Avamigran [Ergotamine tartrate 1 mg.+Caffeine 100 mg.],ergotamine tartrate + caffeine,powder,oral,"{""manual_review"": true, ""matched_text"": ""1 mg"", ""parse_status"": ""unit_strength_only"", ""review_reason"": ""not_a_liquid_concentration"", ""unit"": ""mg"", ""value"": 1.0}",manual_review,False,,,,,missing_verified_pediatric_dose_source; missing_age_bw_rule; missing_max_dose; concentration_missing_or_requires_review,data/pediatric/peds_product_dose_output.json:items[46],,,,,,,,,,,,,,,,,,manual_review_required,keep_blocked_or_manual_review,accepted source-backed evidence not available,true,add accepted source citation with snippet,,,,,,,,,,,,,,,,,,,manual_review_required,keep_blocked_or_manual_review,accepted source-backed evidence not available,true,add accepted source citation with snippet
BDS008034,Berclomine Syrup [Dicyclomine 5 mg.+Simethicone 50 mg./5 ml.],dicyclomine + simethicone,syrup,oral,"{""manual_review"": false, ""matched_text"": ""50 mg./5 ml"", ""parse_status"": ""parsed"", ""unit"": ""mg_per_ml"", ""value"": 10.0}",manual_review,False,,,,,missing_verified_pediatric_dose_source; missing_age_bw_rule; missing_max_dose,data/pediatric/peds_product_dose_output.json:items[47],,,,,,,,,,,,,,,,,,manual_review_required,keep_blocked_or_manual_review,accepted source-backed evidence not available,true,add accepted source citation with snippet,,,,,,,,,,,,,,,,,,,manual_review_required,keep_blocked_or_manual_review,accepted source-backed evidence not available,true,add accepted source citation with snippet
BDS040608,Belcid Forte Suspension [Aluminium Hydroxide Gel (eq. to Aluminium Hydroxide 306 mg.+Magnesium Hydroxide 110 mg.+ Simethicone 30 mg./5 ml.],aluminium hydroxide gel eq. to aluminium hydroxide + magnesium hydroxide + simethicone,suspension,oral,"{""manual_review"": false, ""matched_text"": ""30 mg./5 ml"", ""parse_status"": ""parsed"", ""unit"": ""mg_per_ml"", ""value"": 6.0}",manual_review,False,,,,,missing_verified_pediatric_dose_source; missing_age_bw_rule; missing_max_dose,data/pediatric/peds_product_dose_output.json:items[48],,,,,,,,,,,,,,,,,,manual_review_required,keep_blocked_or_manual_review,accepted source-backed evidence not available,true,add accepted source citation with snippet,,,,,,,,,,,,,,,,,,,manual_review_required,keep_blocked_or_manual_review,accepted source-backed evidence not available,true,add accepted source citation with snippet
BDS043613,Gaviscon Advance sachet 10 ml [Sodium alginate Ph Eur 1000 mg.+Potassium bicarbonate 200 mg.+Calcium carbonate+Carbomer+Methyl (E218)+Propyl (E216)+อื่นๆ],sodium alginate ph eur + potassium bicarbonate + calcium carbonate + carbomer,powder,oral,"{""manual_review"": true, ""matched_text"": ""1000 mg"", ""parse_status"": ""unit_strength_only"", ""review_reason"": ""not_a_liquid_concentration"", ""unit"": ""mg"", ""value"": 1000.0}",manual_review,False,,,,,missing_verified_pediatric_dose_source; missing_age_bw_rule; missing_max_dose; concentration_missing_or_requires_review,data/pediatric/peds_product_dose_output.json:items[49],,,,,,,,,,,,,,,,,,manual_review_required,keep_blocked_or_manual_review,accepted source-backed evidence not available,true,add accepted source citation with snippet,,,,,,,,,,,,,,,,,,,manual_review_required,keep_blocked_or_manual_review,accepted source-backed evidence not available,true,add accepted source citation with snippet
BDS002033,Gaviscon Dual Action sachet 10 ml [Sodium alginate 500 mg.+Sodium bicarbonate 213 mg.+Calcium carbonate 325 mg.],sodium alginate + sodium bicarbonate + calcium carbonate,powder,oral,"{""manual_review"": true, ""matched_text"": ""500 mg"", ""parse_status"": ""unit_strength_only"", ""review_reason"": ""not_a_liquid_concentration"", ""unit"": ""mg"", ""value"": 500.0}",manual_review,False,,,,,missing_verified_pediatric_dose_source; missing_age_bw_rule; missing_max_dose; concentration_missing_or_requires_review,data/pediatric/peds_product_dose_output.json:items[50],,,,,,,,,,,,,,,,,,manual_review_required,keep_blocked_or_manual_review,accepted source-backed evidence not available,true,add accepted source citation with snippet,,,,,,,,,,,,,,,,,,,manual_review_required,keep_blocked_or_manual_review,accepted source-backed evidence not available,true,add accepted source citation with snippet
BDS002014,Gaviscon Suspension bottle 150 ml [Sodium alginate 500 mg.+Sodium bicarbonate 267 mg./10 ml.],sodium alginate + sodium bicarbonate,suspension,oral,"{""manual_review"": false, ""matched_text"": ""267 mg./10 ml"", ""parse_status"": ""parsed"", ""unit"": ""mg_per_ml"", ""value"": 26.7}",manual_review,False,,,,,missing_verified_pediatric_dose_source; missing_age_bw_rule; missing_max_dose,data/pediatric/peds_product_dose_output.json:items[51],,,,,,,,,,,,,,,,,,manual_review_required,keep_blocked_or_manual_review,accepted source-backed evidence not available,true,add accepted source citation with snippet,,,,,,,,,,,,,,,,,,,manual_review_required,keep_blocked_or_manual_review,accepted source-backed evidence not available,true,add accepted source citation with snippet
BDS002013,Gaviscon Suspension sachet 10 ml [Sodium alginate 500 mg.+Sodium bicarbonate 267 mg.+Calcium carbonate 160 mg./10 ml.],sodium alginate + sodium bicarbonate + calcium carbonate,suspension,oral,"{""manual_review"": false, ""matched_text"": ""160 mg./10 ml"", ""parse_status"": ""parsed"", ""unit"": ""mg_per_ml"", ""value"": 16.0}",manual_review,False,,,,,missing_verified_pediatric_dose_source; missing_age_bw_rule; missing_max_dose,data/pediatric/peds_product_dose_output.json:items[52],,,,,,,,,,,,,,,,,,manual_review_required,keep_blocked_or_manual_review,accepted source-backed evidence not available,true,add accepted source citation with snippet,,,,,,,,,,,,,,,,,,,manual_review_required,keep_blocked_or_manual_review,accepted source-backed evidence not available,true,add accepted source citation with snippet
BDS043606,Gaviscon Suspension กล่อง 4 ซอง [Sodium alginate 500 mg.+Sodium bicarbonate 267 mg.+Calcium carbonate 160 mg./10 ml.],sodium alginate + sodium bicarbonate + calcium carbonate,suspension,oral,"{""manual_review"": false, ""matched_text"": ""160 mg./10 ml"", ""parse_status"": ""parsed"", ""unit"": ""mg_per_ml"", ""value"": 16.0}",manual_review,False,,,,,missing_verified_pediatric_dose_source; missing_age_bw_rule; missing_max_dose,data/pediatric/peds_product_dose_output.json:items[53],,,,,,,,,,,,,,,,,,manual_review_required,keep_blocked_or_manual_review,accepted source-backed evidence not available,true,add accepted source citation with snippet,,,,,,,,,,,,,,,,,,,manual_review_required,keep_blocked_or_manual_review,accepted source-backed evidence not available,true,add accepted source citation with snippet
BDS003918,Ulcefate Suspension bottle 240 ml [Sucralfate 1 g./5 ml.],sucralfate,suspension,oral,"{""manual_review"": false, ""matched_text"": ""1 g./5 ml"", ""parse_status"": ""parsed"", ""unit"": ""mg_per_ml"", ""value"": 200.0}",manual_review,False,,,,,missing_verified_pediatric_dose_source; missing_age_bw_rule; missing_max_dose,data/pediatric/peds_product_dose_output.json:items[54],,,,,,,,,,,,,,,,,,manual_review_required,keep_blocked_or_manual_review,accepted source-backed evidence not available,true,add accepted source citation with snippet,,,,,,,,,,,,,,,,,,,manual_review_required,keep_blocked_or_manual_review,accepted source-backed evidence not available,true,add accepted source citation with snippet
BDS003917,Ulcefate Suspension bottle 60 ml [Sucralfate 1 g./5 ml.],sucralfate,suspension,oral,"{""manual_review"": false, ""matched_text"": ""1 g./5 ml"", ""parse_status"": ""parsed"", ""unit"": ""mg_per_ml"", ""value"": 200.0}",manual_review,False,,,,,missing_verified_pediatric_dose_source; missing_age_bw_rule; missing_max_dose,data/pediatric/peds_product_dose_output.json:items[55],,,,,,,,,,,,,,,,,,manual_review_required,keep_blocked_or_manual_review,accepted source-backed evidence not available,true,add accepted source citation with snippet,,,,,,,,,,,,,,,,,,,manual_review_required,keep_blocked_or_manual_review,accepted source-backed evidence not available,true,add accepted source citation with snippet
BDS003915,Ulcefate Suspension sachet 5 ml [Sucralfate 1 g.],sucralfate,suspension,oral,"{""manual_review"": true, ""matched_text"": ""1 g"", ""parse_status"": ""unit_strength_only"", ""review_reason"": ""not_a_liquid_concentration"", ""unit"": ""mg"", ""value"": 1000.0}",manual_review,False,,,,,missing_verified_pediatric_dose_source; missing_age_bw_rule; missing_max_dose; concentration_missing_or_requires_review,data/pediatric/peds_product_dose_output.json:items[56],,,,,,,,,,,,,,,,,,manual_review_required,keep_blocked_or_manual_review,accepted source-backed evidence not available,true,add accepted source citation with snippet,,,,,,,,,,,,,,,,,,,manual_review_required,keep_blocked_or_manual_review,accepted source-backed evidence not available,true,add accepted source citation with snippet
BDS001013,Air-X Drops [Simethicone 40 mg./0.6 ml.],simethicone,drops,oral,"{""manual_review"": false, ""matched_text"": ""40 mg./0.6 ml"", ""parse_status"": ""parsed"", ""unit"": ""mg_per_ml"", ""value"": 66.666667}",manual_review,False,,,,,missing_verified_pediatric_dose_source; missing_age_bw_rule; missing_max_dose,data/pediatric/peds_product_dose_output.json:items[57],,,,,,,,,,,,,,,,,,manual_review_required,keep_blocked_or_manual_review,accepted source-backed evidence not available,true,add accepted source citation with snippet,,,,,,,,,,,,,,,,,,,manual_review_required,keep_blocked_or_manual_review,accepted source-backed evidence not available,true,add accepted source citation with snippet
BDS002637,Motilium Oral Suspension [Domperidone 1 mg./1 ml.],domperidone,suspension,oral,"{""manual_review"": false, ""matched_text"": ""1 mg./1 ml"", ""parse_status"": ""parsed"", ""unit"": ""mg_per_ml"", ""value"": 1.0}",manual_review,False,,,,,missing_verified_pediatric_dose_source; missing_age_bw_rule; missing_max_dose,data/pediatric/peds_product_dose_output.json:items[58],,,,,,,,,,,,,,,,,,manual_review_required,keep_blocked_or_manual_review,accepted source-backed evidence not available,true,add accepted source citation with snippet,,,,,,,,,,,,,,,,,,,manual_review_required,keep_blocked_or_manual_review,accepted source-backed evidence not available,true,add accepted source citation with snippet
BDS046503,Patilum Oral Suspension [Domperidone 1 mg./1 ml.],domperidone,suspension,oral,"{""manual_review"": false, ""matched_text"": ""1 mg./1 ml"", ""parse_status"": ""parsed"", ""unit"": ""mg_per_ml"", ""value"": 1.0}",manual_review,False,,,,,missing_verified_pediatric_dose_source; missing_age_bw_rule; missing_max_dose,data/pediatric/peds_product_dose_output.json:items[59],,,,,,,,,,,,,,,,,,manual_review_required,keep_blocked_or_manual_review,accepted source-backed evidence not available,true,add accepted source citation with snippet,,,,,,,,,,,,,,,,,,,manual_review_required,keep_blocked_or_manual_review,accepted source-backed evidence not available,true,add accepted source citation with snippet
BDS001665,Duran Suspension [Ibuprofen 100 mg./5 ml.],ibuprofen,suspension,oral,"{""manual_review"": false, ""matched_text"": ""100 mg./5 ml"", ""parse_status"": ""parsed"", ""unit"": ""mg_per_ml"", ""value"": 20.0}",manual_review,False,,,,,missing_verified_pediatric_dose_source; missing_age_bw_rule; missing_max_dose,data/pediatric/peds_product_dose_output.json:items[60],,,,,,,,,,,,,,,,,,manual_review_required,keep_blocked_or_manual_review,accepted source-backed evidence not available,true,add accepted source citation with snippet,,,,,,,,,,,,,,,,,,,manual_review_required,keep_blocked_or_manual_review,accepted source-backed evidence not available,true,add accepted source citation with snippet
BDS007151,Ibukids Suspension [Ibuprofen 100 mg./5 ml.],ibuprofen,suspension,oral,"{""manual_review"": false, ""matched_text"": ""100 mg./5 ml"", ""parse_status"": ""parsed"", ""unit"": ""mg_per_ml"", ""value"": 20.0}",manual_review,False,,,,,missing_verified_pediatric_dose_source; missing_age_bw_rule; missing_max_dose,data/pediatric/peds_product_dose_output.json:items[61],,,,,,,,,,,,,,,,,,manual_review_required,keep_blocked_or_manual_review,accepted source-backed evidence not available,true,add accepted source citation with snippet,,,,,,,,,,,,,,,,,,,manual_review_required,keep_blocked_or_manual_review,accepted source-backed evidence not available,true,add accepted source citation with snippet
BDS002845,Nurofen Suspension [Ibuprofen 100 mg./5 ml.],ibuprofen,suspension,oral,"{""manual_review"": false, ""matched_text"": ""100 mg./5 ml"", ""parse_status"": ""parsed"", ""unit"": ""mg_per_ml"", ""value"": 20.0}",manual_review,False,,,,,missing_verified_pediatric_dose_source; missing_age_bw_rule; missing_max_dose,data/pediatric/peds_product_dose_output.json:items[62],,,,,,,,,,,,,,,,,,manual_review_required,keep_blocked_or_manual_review,accepted source-backed evidence not available,true,add accepted source citation with snippet,,,,,,,,,,,,,,,,,,,manual_review_required,keep_blocked_or_manual_review,accepted source-backed evidence not available,true,add accepted source citation with snippet
BDS007031,Bromhexine Syrup [Bromhexine HCl 4 mg./5 ml.],bromhexine hcl,syrup,oral,"{""manual_review"": false, ""matched_text"": ""4 mg./5 ml"", ""parse_status"": ""parsed"", ""unit"": ""mg_per_ml"", ""value"": 0.8}",manual_review,False,,,,,missing_verified_pediatric_dose_source; missing_age_bw_rule; missing_max_dose,data/pediatric/peds_product_dose_output.json:items[63],,,,,,,,,,,,,,,,,,manual_review_required,keep_blocked_or_manual_review,accepted source-backed evidence not available,true,add accepted source citation with snippet,,,,,,,,,,,,,,,,,,,manual_review_required,keep_blocked_or_manual_review,accepted source-backed evidence not available,true,add accepted source citation with snippet
BDS008325,Oscin Syrup [Hyoscine-N-butylbromide 5 mg./5 ml.],hyoscine n butylbromide,syrup,oral,"{""manual_review"": false, ""matched_text"": ""5 mg./5 ml"", ""parse_status"": ""parsed"", ""unit"": ""mg_per_ml"", ""value"": 1.0}",manual_review,False,,,,,missing_verified_pediatric_dose_source; missing_age_bw_rule; missing_max_dose,data/pediatric/peds_product_dose_output.json:items[64],,,,,,,,,,,,,,,,,,manual_review_required,keep_blocked_or_manual_review,accepted source-backed evidence not available,true,add accepted source citation with snippet,,,,,,,,,,,,,,,,,,,manual_review_required,keep_blocked_or_manual_review,accepted source-backed evidence not available,true,add accepted source citation with snippet
BDS007743,Glucosa 1500 ชนิดผง [Glucosamine sulfate sodium 1500 mg.],glucosamine sulfate sodium,powder,oral,"{""manual_review"": true, ""matched_text"": ""1500 mg"", ""parse_status"": ""unit_strength_only"", ""review_reason"": ""not_a_liquid_concentration"", ""unit"": ""mg"", ""value"": 1500.0}",manual_review,False,,,,,missing_verified_pediatric_dose_source; missing_age_bw_rule; missing_max_dose; concentration_missing_or_requires_review,data/pediatric/peds_product_dose_output.json:items[65],,,,,,,,,,,,,,,,,,manual_review_required,keep_blocked_or_manual_review,accepted source-backed evidence not available,true,add accepted source citation with snippet,,,,,,,,,,,,,,,,,,,manual_review_required,keep_blocked_or_manual_review,accepted source-backed evidence not available,true,add accepted source citation with snippet
BDS043605,Glucosa 1500 ชนิดผง (รสมะนาว) [Glucosamine sulfate sodium 1500 mg.],glucosamine sulfate sodium,powder,oral,"{""manual_review"": true, ""matched_text"": ""1500 mg"", ""parse_status"": ""unit_strength_only"", ""review_reason"": ""not_a_liquid_concentration"", ""unit"": ""mg"", ""value"": 1500.0}",manual_review,False,,,,,missing_verified_pediatric_dose_source; missing_age_bw_rule; missing_max_dose; concentration_missing_or_requires_review,data/pediatric/peds_product_dose_output.json:items[66],,,,,,,,,,,,,,,,,,manual_review_required,keep_blocked_or_manual_review,accepted source-backed evidence not available,true,add accepted source citation with snippet,,,,,,,,,,,,,,,,,,,manual_review_required,keep_blocked_or_manual_review,accepted source-backed evidence not available,true,add accepted source citation with snippet
BDS007554,Losalac Syrup [Lactulose 66.7 g./100 ml.],lactulose,syrup,oral,"{""manual_review"": false, ""matched_text"": ""66.7 g./100 ml"", ""parse_status"": ""parsed"", ""unit"": ""mg_per_ml"", ""value"": 667.0}",manual_review,False,,,,,missing_verified_pediatric_dose_source; missing_age_bw_rule; missing_max_dose,data/pediatric/peds_product_dose_output.json:items[67],,,,,,,,,,,,,,,,,,manual_review_required,keep_blocked_or_manual_review,accepted source-backed evidence not available,true,add accepted source citation with snippet,,,,,,,,,,,,,,,,,,,manual_review_required,keep_blocked_or_manual_review,accepted source-backed evidence not available,true,add accepted source citation with snippet
BDS043130,Felopine 5 [Felodipine 5 mg.],felodipine,powder,oral,"{""manual_review"": true, ""matched_text"": ""5 mg"", ""parse_status"": ""unit_strength_only"", ""review_reason"": ""not_a_liquid_concentration"", ""unit"": ""mg"", ""value"": 5.0}",manual_review,False,,,,,missing_verified_pediatric_dose_source; missing_age_bw_rule; missing_max_dose; concentration_missing_or_requires_review,data/pediatric/peds_product_dose_output.json:items[68],,,,,,,,,,,,,,,,,,manual_review_required,keep_blocked_or_manual_review,accepted source-backed evidence not available,true,add accepted source citation with snippet,,,,,,,,,,,,,,,,,,,manual_review_required,keep_blocked_or_manual_review,accepted source-backed evidence not available,true,add accepted source citation with snippet
BDS044532,Lanzaar 100 mg [Losartan potassium 100 mg.],losartan potassium,powder,oral,"{""manual_review"": true, ""matched_text"": ""100 mg"", ""parse_status"": ""unit_strength_only"", ""review_reason"": ""not_a_liquid_concentration"", ""unit"": ""mg"", ""value"": 100.0}",manual_review,False,,,,,missing_verified_pediatric_dose_source; missing_age_bw_rule; missing_max_dose; concentration_missing_or_requires_review,data/pediatric/peds_product_dose_output.json:items[69],,,,,,,,,,,,,,,,,,manual_review_required,keep_blocked_or_manual_review,accepted source-backed evidence not available,true,add accepted source citation with snippet,,,,,,,,,,,,,,,,,,,manual_review_required,keep_blocked_or_manual_review,accepted source-backed evidence not available,true,add accepted source citation with snippet
BDS002808,Nelapine 20 SR [Nifedipine 20 mg.],nifedipine,powder,oral,"{""manual_review"": true, ""matched_text"": ""20 mg"", ""parse_status"": ""unit_strength_only"", ""review_reason"": ""not_a_liquid_concentration"", ""unit"": ""mg"", ""value"": 20.0}",manual_review,False,,,,,missing_verified_pediatric_dose_source; missing_age_bw_rule; missing_max_dose; concentration_missing_or_requires_review,data/pediatric/peds_product_dose_output.json:items[70],,,,,,,,,,,,,,,,,,manual_review_required,keep_blocked_or_manual_review,accepted source-backed evidence not available,true,add accepted source citation with snippet,,,,,,,,,,,,,,,,,,,manual_review_required,keep_blocked_or_manual_review,accepted source-backed evidence not available,true,add accepted source citation with snippet
BDS043610,Glucophage XR 1000 mg [Metformin HCl 1000 mg.],metformin hcl,powder,ophthalmic,"{""manual_review"": true, ""matched_text"": ""1000 mg"", ""parse_status"": ""unit_strength_only"", ""review_reason"": ""not_a_liquid_concentration"", ""unit"": ""mg"", ""value"": 1000.0}",manual_review,False,,,,,missing_verified_pediatric_dose_source; missing_age_bw_rule; missing_max_dose; concentration_missing_or_requires_review,data/pediatric/peds_product_dose_output.json:items[71],,,,,,,,,,,,,,,,,,manual_review_required,keep_blocked_or_manual_review,accepted source-backed evidence not available,true,add accepted source citation with snippet,,,,,,,,,,,,,,,,,,,manual_review_required,keep_blocked_or_manual_review,accepted source-backed evidence not available,true,add accepted source citation with snippet
BDS001437,ChlorOph Eye Drops [Chloramphenicol 5 mg./1 ml.],chloramphenicol,drops,ophthalmic,"{""manual_review"": false, ""matched_text"": ""5 mg./1 ml"", ""parse_status"": ""parsed"", ""unit"": ""mg_per_ml"", ""value"": 5.0}",manual_review,False,,,,,missing_verified_pediatric_dose_source; missing_age_bw_rule; missing_max_dose; antibiotic_requires_disease_specific_indication; antibiotic_requires_duration_source,data/pediatric/peds_product_dose_output.json:items[72],,,,,,,,,,,,,,,,,,manual_review_required,keep_blocked_or_manual_review,accepted source-backed evidence not available,true,add accepted source citation with snippet,,,,,,,,,,,,,,,,,,,manual_review_required,keep_blocked_or_manual_review,accepted source-backed evidence not available,true,add accepted source citation with snippet
BDS001847,Fucithalmic Eye Drops [Fusidic acid 10 mg.+Preservative (Benzalkonium chloride 0.1%)/ 1 g.],fusidic acid + preservative,drops,ophthalmic,"{""manual_review"": true, ""matched_text"": ""0.1%"", ""parse_status"": ""parsed_percent"", ""review_reason"": ""percent_strength_requires_route_specific_interpretation"", ""unit"": ""percent"", ""value"": 0.1}",manual_review,False,,,,,missing_verified_pediatric_dose_source; missing_age_bw_rule; missing_max_dose; concentration_missing_or_requires_review; antibiotic_requires_disease_specific_indication; antibiotic_requires_duration_source,data/pediatric/peds_product_dose_output.json:items[73],,,,,,,,,,,,,,,,,,manual_review_required,keep_blocked_or_manual_review,accepted source-backed evidence not available,true,add accepted source citation with snippet,,,,,,,,,,,,,,,,,,,manual_review_required,keep_blocked_or_manual_review,accepted source-backed evidence not available,true,add accepted source citation with snippet
BDS003181,"Poly-Oph Eye Drops [Neomycin Sulfate (eq. to Neomycin 2 mg.)+Polymyxin B Sulfate (eq. to Polymyxin B 5,000 Units)+Gramicidin 0.025 mg./1 ml.]",neomycin sulfate + polymyxin b sulfate + gramicidin,drops,ophthalmic,"{""manual_review"": false, ""matched_text"": ""0.025 mg./1 ml"", ""parse_status"": ""parsed"", ""unit"": ""mg_per_ml"", ""value"": 0.025}",manual_review,False,,,,,missing_verified_pediatric_dose_source; missing_age_bw_rule; missing_max_dose; antibiotic_requires_disease_specific_indication; antibiotic_requires_duration_source,data/pediatric/peds_product_dose_output.json:items[74],,,,,,,,,,,,,,,,,,manual_review_required,keep_blocked_or_manual_review,accepted source-backed evidence not available,true,add accepted source citation with snippet,,,,,,,,,,,,,,,,,,,manual_review_required,keep_blocked_or_manual_review,accepted source-backed evidence not available,true,add accepted source citation with snippet
BDS041404,CD-Oph Eye Drops [Dexamethasone Sodium Phosphate 1 mg.+Chloramphenicol 5 mg.+Tetrahydrozoline HCl 0.25 mg./1 ml.],dexamethasone sodium phosphate + chloramphenicol + tetrahydrozoline hcl,drops,ophthalmic,"{""manual_review"": false, ""matched_text"": ""0.25 mg./1 ml"", ""parse_status"": ""parsed"", ""unit"": ""mg_per_ml"", ""value"": 0.25}",manual_review,False,,,,,missing_verified_pediatric_dose_source; missing_age_bw_rule; missing_max_dose,data/pediatric/peds_product_dose_output.json:items[75],,,,,,,,,,,,,,,,,,manual_review_required,keep_blocked_or_manual_review,accepted source-backed evidence not available,true,add accepted source citation with snippet,,,,,,,,,,,,,,,,,,,manual_review_required,keep_blocked_or_manual_review,accepted source-backed evidence not available,true,add accepted source citation with snippet
BDS001632,DexOph Eye-Ear Drops [Dexamethasone Sodium Phosphate (eq. to Dexamethasone Phosphate 0.1 %)+Neomycin Sulfate 0.5% (eq. to Neomycin Base 0.35 %)/1 ml.],dexamethasone sodium phosphate + neomycin sulfate,drops,ophthalmic,"{""manual_review"": true, ""matched_text"": ""0.1 %"", ""parse_status"": ""parsed_percent"", ""review_reason"": ""percent_strength_requires_route_specific_interpretation"", ""unit"": ""percent"", ""value"": 0.1}",manual_review,False,,,,,missing_verified_pediatric_dose_source; missing_age_bw_rule; missing_max_dose; concentration_missing_or_requires_review,data/pediatric/peds_product_dose_output.json:items[76],,,,,,,,,,,,,,,,,,manual_review_required,keep_blocked_or_manual_review,accepted source-backed evidence not available,true,add accepted source citation with snippet,,,,,,,,,,,,,,,,,,,manual_review_required,keep_blocked_or_manual_review,accepted source-backed evidence not available,true,add accepted source citation with snippet
BDS006181,FML Ophthalmic Suspension [Fluorometholone 0.1 %+Polyvinyl Alcohol 14 mg.+Sodium Chloride+Sodium Phosphste Monobasic+Sodium Phosphate Dibasic+Polysorbate 80+Preservative (Edetate Disodium+Benzalkonium Chloride 0.04 mg.)/1 ml.],fluorometholone + polyvinyl alcohol + sodium chloride + sodium phosphste monobasic,suspension,ophthalmic,"{""manual_review"": true, ""matched_text"": ""0.1 %"", ""parse_status"": ""parsed_percent"", ""review_reason"": ""percent_strength_requires_route_specific_interpretation"", ""unit"": ""percent"", ""value"": 0.1}",manual_review,False,,,,,missing_verified_pediatric_dose_source; missing_age_bw_rule; missing_max_dose; concentration_missing_or_requires_review,data/pediatric/peds_product_dose_output.json:items[77],,,,,,,,,,,,,,,,,,manual_review_required,keep_blocked_or_manual_review,accepted source-backed evidence not available,true,add accepted source citation with snippet,,,,,,,,,,,,,,,,,,,manual_review_required,keep_blocked_or_manual_review,accepted source-backed evidence not available,true,add accepted source citation with snippet
BDS003862,Tobradex Ophthalmic Suspension [Tobramycin 3 mg (0.3%)+Dexamethasone 1 mg (0.1%)+Tyloxapol+Sodium Chloride+Hydroxyethylcellulose+Sodium Sulfate+Sulfuric Acid+Sodium Hydroxide+Preservative (Edetate Disodium+Benzalkonium Chloride 0.01%)/1 ml.],tobramycin + dexamethasone + tyloxapol + sodium chloride,suspension,ophthalmic,"{""manual_review"": true, ""matched_text"": ""0.3%"", ""parse_status"": ""parsed_percent"", ""review_reason"": ""percent_strength_requires_route_specific_interpretation"", ""unit"": ""percent"", ""value"": 0.3}",manual_review,False,,,,,missing_verified_pediatric_dose_source; missing_age_bw_rule; missing_max_dose; concentration_missing_or_requires_review,data/pediatric/peds_product_dose_output.json:items[78],,,,,,,,,,,,,,,,,,manual_review_required,keep_blocked_or_manual_review,accepted source-backed evidence not available,true,add accepted source citation with snippet,,,,,,,,,,,,,,,,,,,manual_review_required,keep_blocked_or_manual_review,accepted source-backed evidence not available,true,add accepted source citation with snippet
BDS001551,Clens 100 Lens Drops [Citrate/Borate Buffer+Sodium Chloride+Edetate Disodium 0.05%+PEG-11 Lauryl ether Carboxylic acid+Tetronic t1304+Preservative (Edetate Disodium 0.05%+Polidronium Chloride 0.001%)],citrate/borate buffer + sodium chloride + edetate disodium + peg 11 lauryl ether carboxylic acid,drops,oral,"{""manual_review"": true, ""matched_text"": ""0.05%"", ""parse_status"": ""parsed_percent"", ""review_reason"": ""percent_strength_requires_route_specific_interpretation"", ""unit"": ""percent"", ""value"": 0.05}",manual_review,False,,,,,missing_verified_pediatric_dose_source; missing_age_bw_rule; missing_max_dose; concentration_missing_or_requires_review,data/pediatric/peds_product_dose_output.json:items[79],,,,,,,,,,,,,,,,,,manual_review_required,keep_blocked_or_manual_review,accepted source-backed evidence not available,true,add accepted source citation with snippet,,,,,,,,,,,,,,,,,,,manual_review_required,keep_blocked_or_manual_review,accepted source-backed evidence not available,true,add accepted source citation with snippet
BDS002107,Genteal Eye Drop [Hypromellose 3 mg. (0.3%)+Sodium Chloride+Boric Acid+Potassium Chloride+Hydrochloric Acid+Preservative (Sodium Perborate+Phosphonic Acid)],hypromellose + sodium chloride + boric acid + potassium chloride,drops,ophthalmic,"{""manual_review"": true, ""matched_text"": ""0.3%"", ""parse_status"": ""parsed_percent"", ""review_reason"": ""percent_strength_requires_route_specific_interpretation"", ""unit"": ""percent"", ""value"": 0.3}",manual_review,False,,,,,missing_verified_pediatric_dose_source; missing_age_bw_rule; missing_max_dose; concentration_missing_or_requires_review,data/pediatric/peds_product_dose_output.json:items[80],,,,,,,,,,,,,,,,,,manual_review_required,keep_blocked_or_manual_review,accepted source-backed evidence not available,true,add accepted source citation with snippet,,,,,,,,,,,,,,,,,,,manual_review_required,keep_blocked_or_manual_review,accepted source-backed evidence not available,true,add accepted source citation with snippet
BDS045617,Natear UD Lubricant Eye Drops [Hypromellose (Hydroxypropyl Methylcellulose) 0.3% w/v /0.8 ml.],hypromellose w/v,drops,ophthalmic,"{""manual_review"": true, ""matched_text"": ""0.3%"", ""parse_status"": ""parsed_percent"", ""review_reason"": ""percent_strength_requires_route_specific_interpretation"", ""unit"": ""percent"", ""value"": 0.3}",manual_review,False,,,,,missing_verified_pediatric_dose_source; missing_age_bw_rule; missing_max_dose; concentration_missing_or_requires_review,data/pediatric/peds_product_dose_output.json:items[81],,,,,,,,,,,,,,,,,,manual_review_required,keep_blocked_or_manual_review,accepted source-backed evidence not available,true,add accepted source citation with snippet,,,,,,,,,,,,,,,,,,,manual_review_required,keep_blocked_or_manual_review,accepted source-backed evidence not available,true,add accepted source citation with snippet
BDS046204,OcuFreshs Tear Eye Drops [Hypromellose 3 mg. (0.3%)+Preservative (Benzalkonium Chloride 0.02%)/1 ml.],hypromellose + preservative,drops,ophthalmic,"{""manual_review"": true, ""matched_text"": ""0.3%"", ""parse_status"": ""parsed_percent"", ""review_reason"": ""percent_strength_requires_route_specific_interpretation"", ""unit"": ""percent"", ""value"": 0.3}",manual_review,False,,,,,missing_verified_pediatric_dose_source; missing_age_bw_rule; missing_max_dose; concentration_missing_or_requires_review,data/pediatric/peds_product_dose_output.json:items[82],,,,,,,,,,,,,,,,,,manual_review_required,keep_blocked_or_manual_review,accepted source-backed evidence not available,true,add accepted source citation with snippet,,,,,,,,,,,,,,,,,,,manual_review_required,keep_blocked_or_manual_review,accepted source-backed evidence not available,true,add accepted source citation with snippet
BDS003102,Opti-Free Rewetting Drops [Citrate buffer+Sodium chloride+Preservative (Edetate Disodium 0.05%+Polyquaternium-1 0.001%)],citrate buffer + sodium chloride + preservative,drops,oral,"{""manual_review"": true, ""matched_text"": ""0.05%"", ""parse_status"": ""parsed_percent"", ""review_reason"": ""percent_strength_requires_route_specific_interpretation"", ""unit"": ""percent"", ""value"": 0.05}",manual_review,False,,,,,missing_verified_pediatric_dose_source; missing_age_bw_rule; missing_max_dose; concentration_missing_or_requires_review,data/pediatric/peds_product_dose_output.json:items[83],,,,,,,,,,,,,,,,,,manual_review_required,keep_blocked_or_manual_review,accepted source-backed evidence not available,true,add accepted source citation with snippet,,,,,,,,,,,,,,,,,,,manual_review_required,keep_blocked_or_manual_review,accepted source-backed evidence not available,true,add accepted source citation with snippet
BDS001204,Renu Multiplus Lubricating & Rewetting Drops [Povidone+Boric acid+Potassium chloride+Sodium chloride+ Sodium borate+Edetate disodium+Sorbic acid+Preservative (Edetate disodium 0.1%+Sorbic acid 0.1%)],povidone + boric acid + potassium chloride + sodium chloride,drops,oral,"{""manual_review"": true, ""matched_text"": ""0.1%"", ""parse_status"": ""parsed_percent"", ""review_reason"": ""percent_strength_requires_route_specific_interpretation"", ""unit"": ""percent"", ""value"": 0.1}",manual_review,False,,,,,missing_verified_pediatric_dose_source; missing_age_bw_rule; missing_max_dose; concentration_missing_or_requires_review,data/pediatric/peds_product_dose_output.json:items[84],,,,,,,,,,,,,,,,,,manual_review_required,keep_blocked_or_manual_review,accepted source-backed evidence not available,true,add accepted source citation with snippet,,,,,,,,,,,,,,,,,,,manual_review_required,keep_blocked_or_manual_review,accepted source-backed evidence not available,true,add accepted source citation with snippet
BDS047647,Sof Tear Eye Drops [Hypromellose USP 3 mg. (0.3% w/v USP)+Preservative (Sodium Perborate 0.28 mg.)/1 ml.],hypromellose usp + preservative,drops,ophthalmic,"{""manual_review"": true, ""matched_text"": ""0.3%"", ""parse_status"": ""parsed_percent"", ""review_reason"": ""percent_strength_requires_route_specific_interpretation"", ""unit"": ""percent"", ""value"": 0.3}",manual_review,False,,,,,missing_verified_pediatric_dose_source; missing_age_bw_rule; missing_max_dose; concentration_missing_or_requires_review,data/pediatric/peds_product_dose_output.json:items[85],,,,,,,,,,,,,,,,,,manual_review_required,keep_blocked_or_manual_review,accepted source-backed evidence not available,true,add accepted source citation with snippet,,,,,,,,,,,,,,,,,,,manual_review_required,keep_blocked_or_manual_review,accepted source-backed evidence not available,true,add accepted source citation with snippet
BDS047637,Systane Ultra (UD) Lubricant Eye Drops [Polyethylene Glycol 400 0.4%+Propylene Glycol 0.3%+Aminomethylpropanol+Boric Acid+Hydroxypropyl Guar+Potassium Chloride+Sodium Chloride+Sorbitol+Hydrochloric Acid+Sodium Hydroxide/1 ml.],polyethylene glycol 400 + propylene glycol + aminomethylpropanol + boric acid,drops,ophthalmic,"{""manual_review"": true, ""matched_text"": ""0.4%"", ""parse_status"": ""parsed_percent"", ""review_reason"": ""percent_strength_requires_route_specific_interpretation"", ""unit"": ""percent"", ""value"": 0.4}",manual_review,False,,,,,missing_verified_pediatric_dose_source; missing_age_bw_rule; missing_max_dose; concentration_missing_or_requires_review,data/pediatric/peds_product_dose_output.json:items[86],,,,,,,,,,,,,,,,,,manual_review_required,keep_blocked_or_manual_review,accepted source-backed evidence not available,true,add accepted source citation with snippet,,,,,,,,,,,,,,,,,,,manual_review_required,keep_blocked_or_manual_review,accepted source-backed evidence not available,true,add accepted source citation with snippet
BDS003679,Systane Ultra Lubricant Eye Drops [Polyethylene Glycol 400 0.4%+Propylene Glycol 0.3%+Aminomethylpropanol+//Boric Acid+Hydroxypropyl guar+Potassium Chloride+Sodium Chloride+Sorbitol+Hydrochloric Acid+Sodium Hydroxide+Preservative (Polyquaternium-1 0.001%)],polyethylene glycol 400 + propylene glycol + aminomethylpropanol + boric acid,drops,ophthalmic,"{""manual_review"": true, ""matched_text"": ""0.4%"", ""parse_status"": ""parsed_percent"", ""review_reason"": ""percent_strength_requires_route_specific_interpretation"", ""unit"": ""percent"", ""value"": 0.4}",manual_review,False,,,,,missing_verified_pediatric_dose_source; missing_age_bw_rule; missing_max_dose; concentration_missing_or_requires_review,data/pediatric/peds_product_dose_output.json:items[87],,,,,,,,,,,,,,,,,,manual_review_required,keep_blocked_or_manual_review,accepted source-backed evidence not available,true,add accepted source citation with snippet,,,,,,,,,,,,,,,,,,,manual_review_required,keep_blocked_or_manual_review,accepted source-backed evidence not available,true,add accepted source citation with snippet
BDS003765,Tear Mac Eye Drops [Carboxymethyl Cellulose Sodium (CMC) 0.5%w/v+Preservative (Stabilised Oxychloro Complex 0.005% w/v)],carboxymethyl cellulose sodium w/v + preservative,drops,ophthalmic,"{""manual_review"": true, ""matched_text"": ""0.5%"", ""parse_status"": ""parsed_percent"", ""review_reason"": ""percent_strength_requires_route_specific_interpretation"", ""unit"": ""percent"", ""value"": 0.5}",manual_review,False,,,,,missing_verified_pediatric_dose_source; missing_age_bw_rule; missing_max_dose; concentration_missing_or_requires_review,data/pediatric/peds_product_dose_output.json:items[88],,,,,,,,,,,,,,,,,,manual_review_required,keep_blocked_or_manual_review,accepted source-backed evidence not available,true,add accepted source citation with snippet,,,,,,,,,,,,,,,,,,,manual_review_required,keep_blocked_or_manual_review,accepted source-backed evidence not available,true,add accepted source citation with snippet
BDS007548,Kenalone Oral Paste sachet 1 g [Triamcinolone Acetonide 0.1%],triamcinolone acetonide,powder,oral,"{""manual_review"": true, ""matched_text"": ""0.1%"", ""parse_status"": ""parsed_percent"", ""review_reason"": ""percent_strength_requires_route_specific_interpretation"", ""unit"": ""percent"", ""value"": 0.1}",manual_review,False,,,,,missing_verified_pediatric_dose_source; missing_age_bw_rule; missing_max_dose; concentration_missing_or_requires_review,data/pediatric/peds_product_dose_output.json:items[89],,,,,,,,,,,,,,,,,,manual_review_required,keep_blocked_or_manual_review,accepted source-backed evidence not available,true,add accepted source citation with snippet,,,,,,,,,,,,,,,,,,,manual_review_required,keep_blocked_or_manual_review,accepted source-backed evidence not available,true,add accepted source citation with snippet
BDS003750,Trinolone Oral Paste sachet 1 g [Triamcinolone Acetonide 0.1%],triamcinolone acetonide,powder,oral,"{""manual_review"": true, ""matched_text"": ""0.1%"", ""parse_status"": ""parsed_percent"", ""review_reason"": ""percent_strength_requires_route_specific_interpretation"", ""unit"": ""percent"", ""value"": 0.1}",manual_review,False,,,,,missing_verified_pediatric_dose_source; missing_age_bw_rule; missing_max_dose; concentration_missing_or_requires_review,data/pediatric/peds_product_dose_output.json:items[90],,,,,,,,,,,,,,,,,,manual_review_required,keep_blocked_or_manual_review,accepted source-backed evidence not available,true,add accepted source citation with snippet,,,,,,,,,,,,,,,,,,,manual_review_required,keep_blocked_or_manual_review,accepted source-backed evidence not available,true,add accepted source citation with snippet
BDS001712,Dewax Ear Drops [Docusate Sodium 0.5% w/v (5 mg./1 ml.)],docusate sodium w/v,drops,otic,"{""manual_review"": false, ""matched_text"": ""5 mg./1 ml"", ""parse_status"": ""parsed"", ""unit"": ""mg_per_ml"", ""value"": 5.0}",manual_review,False,,,,,missing_verified_pediatric_dose_source; missing_age_bw_rule; missing_max_dose,data/pediatric/peds_product_dose_output.json:items[91],,,,,,,,,,,,,,,,,,manual_review_required,keep_blocked_or_manual_review,accepted source-backed evidence not available,true,add accepted source citation with snippet,,,,,,,,,,,,,,,,,,,manual_review_required,keep_blocked_or_manual_review,accepted source-backed evidence not available,true,add accepted source citation with snippet
BDS002874,Nasacort AQ Spray Suspension [Triamcinolone Acetonide 9.075 mg/16.5 g (55 mcg/dose)+Preservative (Benzalkonium Chloride)+อื่นๆ],triamcinolone acetonide + preservative + อื่นๆ,suspension,oral,"{""manual_review"": true, ""matched_text"": ""9.075 mg"", ""parse_status"": ""unit_strength_only"", ""review_reason"": ""not_a_liquid_concentration"", ""unit"": ""mg"", ""value"": 9.075}",manual_review,False,,,,,missing_verified_pediatric_dose_source; missing_age_bw_rule; missing_max_dose; concentration_missing_or_requires_review,data/pediatric/peds_product_dose_output.json:items[92],,,,,,,,,,,,,,,,,,manual_review_required,keep_blocked_or_manual_review,accepted source-backed evidence not available,true,add accepted source citation with snippet,,,,,,,,,,,,,,,,,,,manual_review_required,keep_blocked_or_manual_review,accepted source-backed evidence not available,true,add accepted source citation with snippet
