test_id,input_prompt,disease_key,expected_dx_table,expected_rx_now_summary,expected_swaps_summary,expected_antibiotic_behavior,expected_safety_behavior,red_flag_line,qa_result,notes
TC_001,BMI,obesity_adult_review,Likely: Overweight/obesity and central adiposity review | Alt: dangerous diagnosis if red flags,,,do_not_show_antibiotic_unless_disease_gated,restricted-row safety gate,Red flags or diagnostic uncertainty → in-person evaluation,PASS,Generated from v5 runtime tables
TC_002,abdominal colic child,abdominal_colic_peds,Likely: Pediatric abdominal colic support | Alt: dangerous diagnosis if red flags,Cera ORS รสส้ม [Glucose Anhydrous 3 g.+Sodium Chloride 0.53 g.+Potassium Chloride 0.23 g.+Sodium Citrate Dihydrate 0.44 g.] | sip frequently; replace stool/vomit losses | until hydrated,"Tier 2: fever/pain → Bakamol 500 mg bottle 100s [Paracetamol 500 mg.] | 500 mg 1 tab PO q6h PRN (max 3,000 mg/day routine) | 3–5 days",do_not_show_antibiotic_unless_disease_gated,pediatric age/BW gate,Red flags or diagnostic uncertainty → in-person evaluation,PASS,Generated from v5 runtime tables
TC_003,abdominal cramp,abdominal_colic_adult,Likely: Abdominal colic / cramp | Alt: dangerous diagnosis if red flags,"Anpuzz 520 [Mefenamic acid 500 mg. + Dicyclomine HCl 20 mg.] | product-specific adult dose PRN | 1–3 days
Cera ORS รสส้ม [Glucose Anhydrous 3 g.+Sodium Chloride 0.53 g.+Potassium Chloride 0.23 g.+Sodium Citrate Dihydrate 0.44 g.] | sip frequently; replace stool/vomit losses | until hydrated","Tier 2: fever/pain → Bakamol 500 mg bottle 100s [Paracetamol 500 mg.] | 500 mg 1 tab PO q6h PRN (max 3,000 mg/day routine) | 3–5 days",do_not_show_antibiotic_unless_disease_gated,standard,Red flags or diagnostic uncertainty → in-person evaluation,PASS,Generated from v5 runtime tables
TC_004,abdominal gas child,abdominal_gas_peds,Likely: Pediatric abdominal gas / bloating | Alt: dangerous diagnosis if red flags,Cera ORS รสส้ม [Glucose Anhydrous 3 g.+Sodium Chloride 0.53 g.+Potassium Chloride 0.23 g.+Sodium Citrate Dihydrate 0.44 g.] | sip frequently; replace stool/vomit losses | until hydrated,"Tier 5: fever/pain → Bakamol 500 mg bottle 100s [Paracetamol 500 mg.] | 500 mg 1 tab PO q6h PRN (max 3,000 mg/day routine) | 3–5 days",do_not_show_antibiotic_unless_disease_gated,pediatric age/BW gate,Red flags or diagnostic uncertainty → in-person evaluation,PASS,Generated from v5 runtime tables
TC_005,abrasion,superficial_abrasion_adult,Likely: Superficial abrasion | Alt: dangerous diagnosis if red flags,"Betadine Ointment [Povidone Iodine 10 %] | clean/apply per product; dressing as needed | short course
Bakamol 500 mg bottle 100s [Paracetamol 500 mg.] | 500 mg 1 tab PO q6h PRN (max 3,000 mg/day routine) | 3–5 days",Tier 2: pain/inflammation/fever → S-Pro 600 [Ibuprofen 600 mg.] | 200–400 mg PO q6–8h PRN with food | 3–5 days,do_not_show_antibiotic_unless_disease_gated,restricted-row safety gate,"Rapid spread, fever, necrosis, bite, deep burn/wound → in-person/ER",PASS,Generated from v5 runtime tables
TC_006,acid regurgitation,gerd_uncomplicated_adult,"Likely: Gastroesophageal reflux disease, uncomplicated | Alt: dangerous diagnosis if red flags","Pariet 20 mg [Rabeprazole 20 mg.] | standard-dose PPI PO OD before meal | 2–8 weeks depending indication
Gaviscon Suspension bottle 150 ml [Sodium alginate 500 mg.+Sodium bicarbonate 267 mg./10 ml.] | after meals/HS per product | 3–7 days",Tier 2: dyspepsia/gas → Milk of Magnesia C.B. [Magnesium Hydroxide 400 mg./5 ml.] | chew/suspension after meals/HS PRN | as needed,do_not_show_antibiotic_unless_disease_gated,restricted-row safety gate,Red flags or diagnostic uncertainty → in-person evaluation,PASS,Generated from v5 runtime tables
TC_007,acute bronchitis,acute_cough_no_abx,Likely: Acute cough / acute bronchitis no antibiotic | Alt: dangerous diagnosis if red flags,"Bakamol 500 mg bottle 100s [Paracetamol 500 mg.] | 500 mg 1 tab PO q6h PRN (max 3,000 mg/day routine) | 3–5 days
Klean & Kare Saline (ANB) [Sodium Chloride 0.9 g./100 ml.] | spray/rinse each nostril PRN | as needed
Difflam รสน้ำผึ้งมะนาวผสมโพรโพลิส [2,4-Dichlorobenzyl alcohol 1.2 mg.+Amylmetacresol 0.6 mg.] | 1 lozenge slowly q2–3h PRN | 3–5 days
Difflam Forte Spray [Benzydamine Hydrochloride 3 mg.+Ethanol+Saccharin Sodium+Methyl Hydroxybenzoate+Glycerol+PEG-40 Hydrogenated castor oil/ml.] | spray to throat per product label | 3–5 days
LeoPovidone [Povidone-Iodine 10% w/v] | gargle/rinse per product label | 3–5 days","Tier 2: sputum/wet cough → Cystaline [Acetylcysteine 600 mg.] | 600 mg PO OD or divided dose | 3–5 days
Tier 3: sputum/wet cough → Mucolid [Ambroxol HCl 30 mg.] | 30 mg PO TID or product-specific syrup dose | 3–5 days
Tier 4: sputum/wet cough → Bisolvon [Bromhexine HCl 8 mg.] | 8 mg PO TID or product-specific syrup dose | 3–5 days
Tier 5: sputum/wet cough → Bocytin Capsule [Carbocysteine 375 mg.] | adult product-specific dose PO TID | 3–5 days
Tier 6: dry cough → Icolid (ควบคุมจำนวน) [Dextromethorphan HBr 15 mg.] | product-specific adult dose PRN | 3–5 days
Tier 7: allergy/itch/rhinitis → Alerest [Cetirizine dihydrochloride 10 mg.] | 10 mg PO OD | 5–14 days",do_not_show_antibiotic_unless_disease_gated,standard,"Dyspnea, SpO2 low, chest pain, persistent fever/toxic → eval",PASS,Generated from v5 runtime tables
TC_008,acute gout,acute_gout_adult,Likely: Acute gout flare | Alt: dangerous diagnosis if red flags,"Bakamol 500 mg bottle 100s [Paracetamol 500 mg.] | 500 mg 1 tab PO q6h PRN (max 3,000 mg/day routine) | 3–5 days
Difelene Gel เล็ก [Diclofenac diethylammonium 1.16 g./100 g (eq. to Diclofenac Sodium 1.0 g)] | apply thinly to painful area TID–QID | 5–7 days","Tier 2: pain/inflammation/fever → S-Pro 600 [Ibuprofen 600 mg.] | 200–400 mg PO q6–8h PRN with food | 3–5 days
Tier 3: pain/inflammation/dysmenorrhea → Naprofazt [Naproxen (as Naproxen Sodium) 250 mg.] | 220–275 mg PO BID PRN with food | 3–5 days
Tier 4: pain/inflammation → Cataflam 50 mg [Diclofenac Potassium 50 mg] | 25–50 mg PO BID–TID with food | 3–5 days
Tier 5: inflammatory pain → Arcoxia 120 mg [Etoricoxib 120 mg.] | 60–90 mg PO OD with food | 3–5 days
Tier 6: inflammatory pain → Celebrex 200 mg [Celecoxib 200 mg.] | 200 mg PO OD or BID per indication | 3–5 days",do_not_show_antibiotic_unless_disease_gated,restricted-row safety gate,Red flags or diagnostic uncertainty → in-person evaluation,PASS,Generated from v5 runtime tables
TC_009,acute otitis media,acute_otitis_media,Likely: Acute otitis media | Alt: dangerous diagnosis if red flags,"Bakamol 500 mg bottle 100s [Paracetamol 500 mg.] | 500 mg 1 tab PO q6h PRN (max 3,000 mg/day routine) | 3–5 days","Tier 2: pain/inflammation/fever → S-Pro 600 [Ibuprofen 600 mg.] | 200–400 mg PO q6–8h PRN with food | 3–5 days
Tier 3: bacterial ENT/dental infection → A.M.Mox 500 [Amoxicillin 500 mg.] | disease-specific dose | 5–10 days
Tier 4: bacterial sinusitis/bite/dental/skin → AMK 1000 mg [Amoxicillin 875 mg.+Clavulanic Acid 125 mg.] | disease-specific dose | 5–7 days
Tier 5: penicillin-allergy respiratory infection → Azithro 250 mg [Azithromycin 250 mg.] | disease-specific dose | 3–5 days",antibiotic_allowed_only_after_this_disease_gate,restricted-row safety gate,Red flags or diagnostic uncertainty → in-person evaluation,PASS,Generated from v5 runtime tables
TC_010,acute sinusitis,acute_sinusitis_no_abx,Likely: Acute sinusitis no antibiotic | Alt: dangerous diagnosis if red flags,"Bakamol 500 mg bottle 100s [Paracetamol 500 mg.] | 500 mg 1 tab PO q6h PRN (max 3,000 mg/day routine) | 3–5 days
Klean & Kare Saline (ANB) [Sodium Chloride 0.9 g./100 ml.] | spray/rinse each nostril PRN | as needed","Tier 2: pain/inflammation/fever → S-Pro 600 [Ibuprofen 600 mg.] | 200–400 mg PO q6–8h PRN with food | 3–5 days
Tier 2: allergic rhinitis/nasal inflammation → Elomet 0.1 % [Mometasone Furoate 1 mg/1 g (0.1%)] | 1–2 sprays/nostril OD | 7–14 days
Tier 3: nasal congestion → Actavia [Xylometazoline Hydrochloride 0.1% (1 mg./1 ml.)] | 1–2 sprays/nostril BID PRN | ≤3 days",do_not_show_antibiotic_unless_disease_gated,standard,Red flags or diagnostic uncertainty → in-person evaluation,PASS,Generated from v5 runtime tables
TC_011,acute watery diarrhea,acute_watery_diarrhea_adult,Likely: Acute infectious diarrhea / viral gastroenteritis | Alt: dangerous diagnosis if red flags,"Cera ORS รสส้ม [Glucose Anhydrous 3 g.+Sodium Chloride 0.53 g.+Potassium Chloride 0.23 g.+Sodium Citrate Dihydrate 0.44 g.] | sip frequently; replace stool/vomit losses | until hydrated
Bioflor [Lyophilized Saccharomyces boulardii 250 mg.] | product-specific dose PO BID | 3–5 days
Dehecta [Dioctahedral Smectite 3 g./20 ml.] | sachet PO per product schedule | 1–3 days
Bakamol 500 mg bottle 100s [Paracetamol 500 mg.] | 500 mg 1 tab PO q6h PRN (max 3,000 mg/day routine) | 3–5 days","Tier 2: acute watery diarrhea → Hidrasec 100 mg. [Racecadotril 100 mg.] | adult/child product dose TID short course | 1–3 days
Tier 2: adult non-bloody diarrhea → Imodium [Loperamide HCl 2 mg.] | 4 mg once then 2 mg after stool; max per label | ≤2 days
Tier 3: GERD/dyspepsia → Pariet 20 mg [Rabeprazole 20 mg.] | standard-dose PPI PO OD before meal | 2–8 weeks depending indication
Tier 4: dyspepsia/gas → Milk of Magnesia C.B. [Magnesium Hydroxide 400 mg./5 ml.] | chew/suspension after meals/HS PRN | as needed",no_antibiotic_default,restricted-row safety gate,"Severe dehydration, blood/mucus stool, high fever, severe abdominal pain → eval",PASS,Generated from v5 runtime tables
TC_012,adolescent migraine,migraine_peds_acute,"Likely: Migraine, acute attack in child/adolescent | Alt: dangerous diagnosis if red flags","Bakamol 500 mg bottle 100s [Paracetamol 500 mg.] | 500 mg 1 tab PO q6h PRN (max 3,000 mg/day routine) | 3–5 days",Tier 2: pain/inflammation/fever → S-Pro 600 [Ibuprofen 600 mg.] | 200–400 mg PO q6–8h PRN with food | 3–5 days,do_not_show_antibiotic_unless_disease_gated,pediatric age/BW gate,"Thunderclap, neuro deficit, meningism, new severe headache → ER",PASS,Generated from v5 runtime tables
TC_013,allergic conjunctivitis,allergic_conjunctivitis_adult,Likely: Allergic conjunctivitis | Alt: dangerous diagnosis if red flags,"Systane Ultra (UD) Lubricant Eye Drops [Polyethylene Glycol 400 0.4%+Propylene Glycol 0.3%+Aminomethylpropanol+Boric Acid+Hydroxypropyl Guar+Potassium Chloride+Sodium Chloride+Sorbitol+Hydrochloric Acid+Sodium Hydroxide/1 ml.] | 1–2 drops affected eye PRN | as needed
Bakamol 500 mg bottle 100s [Paracetamol 500 mg.] | 500 mg 1 tab PO q6h PRN (max 3,000 mg/day routine) | 3–5 days","Tier 2: allergic conjunctivitis → Zatifen [Ketotifen 1 mg.] | 1 drop affected eye OD–BID per product | 5–14 days
Tier 2: allergy/itch/rhinitis → Alerest [Cetirizine dihydrochloride 10 mg.] | 10 mg PO OD | 5–14 days",no_antibiotic_default,standard,"Eye pain, photophobia, vision loss, contact lens corneal concern → urgent eye eval",PASS,Generated from v5 runtime tables
V5_TC_004,allergic rhinitis,allergic_rhinitis_adult,Likely: Allergic rhinitis | Alt: dangerous diagnosis if red flags,"Alerest [Cetirizine dihydrochloride 10 mg.] | 10 mg PO OD | 5–14 days
Nasonex 140 doses [Mometasone Furoate Monohydrate (eq. to Mometasone Furoate 50 mcg/dose)+Preservative (Benzalkonium Chloride 0.2 mg/g)] | 1–2 sprays/nostril OD | 7–14 days
Klean & Kare Saline (ANB) [Sodium Chloride 0.9 g./100 ml.] | spray/rinse each nostril PRN | 7 days","Tier 2: allergy/itch/rhinitis → Fenafex 180 mg [Fexofenadine HCl 180 mg.] | 120–180 mg PO OD | 5–14 days
Tier 3: allergy/itch/rhinitis → Aerius tabslet [Desloratadine 5 mg.] | 10 mg PO OD | 5–14 days
Tier 2: nasal irrigation/dryness → Klean & Kare Saline (ANB) [Sodium Chloride 0.9 g./100 ml.] | spray/rinse each nostril PRN | as needed
Tier 3: nasal congestion → Actavia [Xylometazoline Hydrochloride 0.1% (1 mg./1 ml.)] | 1–2 sprays/nostril BID PRN | ≤3 days
Tier 4: congestion/rhinorrhea → Nasotapp [Brompheniramine Maleate 4 mg.+Phenylephrine HCl 10 mg.] | product-specific adult dose short course | 3–5 days
Tier 1: non-sedating alternative → Telfast 180 mg [Fexofenadine HCl 180 mg.] | 120–180 mg PO OD | 5–14 days",no_antibiotic_default,sedation/nasal steroid caution,Red flags or diagnostic uncertainty → in-person evaluation,PASS,Generated from v5 runtime tables
TC_015,allergic rhinitis child,allergic_rhinitis_peds,Likely: Pediatric allergic rhinitis | Alt: dangerous diagnosis if red flags,Alerest [Cetirizine dihydrochloride 10 mg.] | 10 mg PO OD | 5–14 days,"Tier 3: allergy/itch/rhinitis → Aerius tabslet [Desloratadine 5 mg.] | 10 mg PO OD | 5–14 days
Tier 2: nasal irrigation/dryness → Klean & Kare Saline (ANB) [Sodium Chloride 0.9 g./100 ml.] | spray/rinse each nostril PRN | as needed",no_antibiotic_default,pediatric age/BW gate,Red flags or diagnostic uncertainty → in-person evaluation,PASS,Generated from v5 runtime tables
TC_016,allergic rhinitis with congestion,allergic_rhinitis_congestion_adult,Likely: Allergic rhinitis with prominent congestion | Alt: dangerous diagnosis if red flags,Alerest [Cetirizine dihydrochloride 10 mg.] | 10 mg PO OD | 5–14 days,"Tier 2: allergy/itch/rhinitis → Fenafex 180 mg [Fexofenadine HCl 180 mg.] | 120–180 mg PO OD | 5–14 days
Tier 3: allergy/itch/rhinitis → Aerius tabslet [Desloratadine 5 mg.] | 10 mg PO OD | 5–14 days
Tier 2: nasal irrigation/dryness → Klean & Kare Saline (ANB) [Sodium Chloride 0.9 g./100 ml.] | spray/rinse each nostril PRN | as needed
Tier 3: nasal congestion → Actavia [Xylometazoline Hydrochloride 0.1% (1 mg./1 ml.)] | 1–2 sprays/nostril BID PRN | ≤3 days
Tier 4: congestion/rhinorrhea → Nasotapp [Brompheniramine Maleate 4 mg.+Phenylephrine HCl 10 mg.] | product-specific adult dose short course | 3–5 days",no_antibiotic_default,standard,Red flags or diagnostic uncertainty → in-person evaluation,PASS,Generated from v5 runtime tables
TC_017,allopurinol,gout_urate_lowering_review,Likely: Gout urate-lowering therapy review | Alt: dangerous diagnosis if red flags,,,do_not_show_antibiotic_unless_disease_gated,restricted-row safety gate,Red flags or diagnostic uncertainty → in-person evaluation,PASS,Generated from v5 runtime tables
V5_TC_008,aphthous ulcer,aphthous_ulcer_pain_adult,Likely: Painful aphthous ulcer support | Alt: dangerous diagnosis if red flags,"Bakamol 500 mg bottle 100s [Paracetamol 500 mg.] | 500 mg 1 tab PO q6h PRN (max 3,000 mg/day routine) | 3–5 days
LeoPovidone [Povidone-Iodine 10% w/v] | gargle/rinse per product label | 3–5 days
Difflam Forte Spray [Benzydamine Hydrochloride 3 mg.+Ethanol+Saccharin Sodium+Methyl Hydroxybenzoate+Glycerol+PEG-40 Hydrogenated castor oil/ml.] | spray to throat per product label | 3–5 days
Kamistad-Gel N [Lidocaine HCl 20 mg.+Chamomile Flower Extract 185 mg.+Ethanol 50% v/v+Tromethamole 1.37% w/w+Preservative (Benzalkonium Chloride 1 mg.)/1 g.] | apply small amount to lesion PRN | 3–5 days","Tier 2: pain/inflammation/fever → S-Pro 600 [Ibuprofen 600 mg.] | 200–400 mg PO q6–8h PRN with food | 3–5 days
Tier 2: throat/oral pain adjunct → Difflam Forte Spray [Benzydamine Hydrochloride 3 mg.+Ethanol+Saccharin Sodium+Methyl Hydroxybenzoate+Glycerol+PEG-40 Hydrogenated castor oil/ml.] | spray to painful area per product label | 3–5 days",no_antibiotic_default,persistent/large ulcer red flags,Red flags or diagnostic uncertainty → in-person evaluation,PASS,Generated from v5 runtime tables
TC_019,ari over 16,suspected_acute_respiratory_infection_over16,Likely: Suspected acute respiratory infection in adult | Alt: dangerous diagnosis if red flags,"Bakamol 500 mg bottle 100s [Paracetamol 500 mg.] | 500 mg 1 tab PO q6h PRN (max 3,000 mg/day routine) | 3–5 days
Klean & Kare Saline (ANB) [Sodium Chloride 0.9 g./100 ml.] | spray/rinse each nostril PRN | as needed
Difflam รสน้ำผึ้งมะนาวผสมโพรโพลิส [2,4-Dichlorobenzyl alcohol 1.2 mg.+Amylmetacresol 0.6 mg.] | 1 lozenge slowly q2–3h PRN | 3–5 days
Difflam Forte Spray [Benzydamine Hydrochloride 3 mg.+Ethanol+Saccharin Sodium+Methyl Hydroxybenzoate+Glycerol+PEG-40 Hydrogenated castor oil/ml.] | spray to throat per product label | 3–5 days
LeoPovidone [Povidone-Iodine 10% w/v] | gargle/rinse per product label | 3–5 days","Tier 2: sputum/wet cough → Cystaline [Acetylcysteine 600 mg.] | 600 mg PO OD or divided dose | 3–5 days
Tier 3: sputum/wet cough → Mucolid [Ambroxol HCl 30 mg.] | 30 mg PO TID or product-specific syrup dose | 3–5 days
Tier 4: sputum/wet cough → Bisolvon [Bromhexine HCl 8 mg.] | 8 mg PO TID or product-specific syrup dose | 3–5 days
Tier 5: sputum/wet cough → Bocytin Capsule [Carbocysteine 375 mg.] | adult product-specific dose PO TID | 3–5 days
Tier 6: dry cough → Icolid (ควบคุมจำนวน) [Dextromethorphan HBr 15 mg.] | product-specific adult dose PRN | 3–5 days
Tier 7: allergy/itch/rhinitis → Alerest [Cetirizine dihydrochloride 10 mg.] | 10 mg PO OD | 5–14 days",do_not_show_antibiotic_unless_disease_gated,standard,"Dyspnea, SpO2 low, chest pain, persistent fever/toxic → eval",PASS,Generated from v5 runtime tables
TC_020,atopic eczema child,atopic_eczema_child_mild,Likely: Atopic eczema in child: mild flare | Alt: dangerous diagnosis if red flags,"Alerest [Cetirizine dihydrochloride 10 mg.] | 10 mg PO OD | 5–14 days
Antergan Cream [Hydrocortisone Acetate 5 mg+Mepyramine Maleate 20 mg/1 g] | apply thinly OD–BID | 3–7 days",Tier 3: allergy/itch/rhinitis → Aerius tabslet [Desloratadine 5 mg.] | 10 mg PO OD | 5–14 days,do_not_show_antibiotic_unless_disease_gated,pediatric age/BW gate,"Rapid spread, fever, necrosis, bite, deep burn/wound → in-person/ER",PASS,Generated from v5 runtime tables
TC_021,b12 deficiency,vitamin_b12_deficiency_over16_review,Likely: Vitamin B12 deficiency over 16 review | Alt: dangerous diagnosis if red flags,,,do_not_show_antibiotic_unless_disease_gated,restricted-row safety gate,Red flags or diagnostic uncertainty → in-person evaluation,PASS,Generated from v5 runtime tables
V5_TC_006,bacterial conjunctivitis,bacterial_conjunctivitis_adult,Likely: Acute bacterial conjunctivitis | Alt: dangerous diagnosis if red flags,"Systane Ultra (UD) Lubricant Eye Drops [Polyethylene Glycol 400 0.4%+Propylene Glycol 0.3%+Aminomethylpropanol+Boric Acid+Hydroxypropyl Guar+Potassium Chloride+Sodium Chloride+Sorbitol+Hydrochloric Acid+Sodium Hydroxide/1 ml.] | 1–2 drops affected eye PRN | as needed
Bakamol 500 mg bottle 100s [Paracetamol 500 mg.] | 500 mg 1 tab PO q6h PRN (max 3,000 mg/day routine) | 3–5 days
ChlorOph Eye Drops [Chloramphenicol 5 mg./1 ml.] | 1–2 drops affected eye per product | 5–7 days",,topical_antibiotic_only_when_gate,eye pain/vision red flags,Red flags or diagnostic uncertainty → in-person evaluation,PASS,Generated from v5 runtime tables
TC_023,bacterial conjunctivitis child,bacterial_conjunctivitis_peds,Likely: Pediatric bacterial conjunctivitis | Alt: dangerous diagnosis if red flags,"Systane Ultra (UD) Lubricant Eye Drops [Polyethylene Glycol 400 0.4%+Propylene Glycol 0.3%+Aminomethylpropanol+Boric Acid+Hydroxypropyl Guar+Potassium Chloride+Sodium Chloride+Sorbitol+Hydrochloric Acid+Sodium Hydroxide/1 ml.] | 1–2 drops affected eye PRN | as needed
Bakamol 500 mg bottle 100s [Paracetamol 500 mg.] | 500 mg 1 tab PO q6h PRN (max 3,000 mg/day routine) | 3–5 days
ChlorOph Eye Drops [Chloramphenicol 5 mg./1 ml.] | 1–2 drops affected eye per product | 5–7 days",,antibiotic_allowed_only_after_this_disease_gate,pediatric age/BW gate,"Eye pain, photophobia, vision loss, contact lens corneal concern → urgent eye eval",PASS,Generated from v5 runtime tables
TC_024,bacterial sinusitis child,bacterial_sinusitis_peds,Likely: Pediatric bacterial sinusitis | Alt: dangerous diagnosis if red flags,"Bakamol 500 mg bottle 100s [Paracetamol 500 mg.] | 500 mg 1 tab PO q6h PRN (max 3,000 mg/day routine) | 3–5 days
Klean & Kare Saline (ANB) [Sodium Chloride 0.9 g./100 ml.] | spray/rinse each nostril PRN | as needed","Tier 2: pain/inflammation/fever → S-Pro 600 [Ibuprofen 600 mg.] | 200–400 mg PO q6–8h PRN with food | 3–5 days
Tier 3: bacterial sinusitis/bite/dental/skin → AMK 1000 mg [Amoxicillin 875 mg.+Clavulanic Acid 125 mg.] | disease-specific dose | 5–7 days
Tier 4: bacterial ENT/dental infection → A.M.Mox 500 [Amoxicillin 500 mg.] | disease-specific dose | 5–10 days
Tier 5: penicillin-allergy respiratory infection → Azithro 250 mg [Azithromycin 250 mg.] | disease-specific dose | 3–5 days",antibiotic_allowed_only_after_this_disease_gate,pediatric age/BW gate,Red flags or diagnostic uncertainty → in-person evaluation,PASS,Generated from v5 runtime tables
TC_025,bacterial sore throat,bacterial_pharyngitis_adult,Likely: Bacterial pharyngitis / tonsillitis | Alt: dangerous diagnosis if red flags,"Bakamol 500 mg bottle 100s [Paracetamol 500 mg.] | 500 mg 1 tab PO q6h PRN (max 3,000 mg/day routine) | 3–5 days
Difflam รสน้ำผึ้งมะนาวผสมโพรโพลิส [2,4-Dichlorobenzyl alcohol 1.2 mg.+Amylmetacresol 0.6 mg.] | 1 lozenge slowly q2–3h PRN | 3–5 days
Difflam Forte Spray [Benzydamine Hydrochloride 3 mg.+Ethanol+Saccharin Sodium+Methyl Hydroxybenzoate+Glycerol+PEG-40 Hydrogenated castor oil/ml.] | spray to throat per product label | 3–5 days
LeoPovidone [Povidone-Iodine 10% w/v] | gargle/rinse per product label | 3–5 days","Tier 2: pain/inflammation/fever → S-Pro 600 [Ibuprofen 600 mg.] | 200–400 mg PO q6–8h PRN with food | 3–5 days
Tier 3: bacterial ENT/dental infection → A.M.Mox 500 [Amoxicillin 500 mg.] | disease-specific dose | 5–10 days
Tier 4: bacterial sinusitis/bite/dental/skin → AMK 1000 mg [Amoxicillin 875 mg.+Clavulanic Acid 125 mg.] | disease-specific dose | 5–7 days
Tier 5: penicillin-allergy respiratory infection → Azithro 250 mg [Azithromycin 250 mg.] | disease-specific dose | 3–5 days",antibiotic_allowed_only_after_this_disease_gate,antibiotic indication gate,Red flags or diagnostic uncertainty → in-person evaluation,PASS,Generated from v5 runtime tables
TC_026,bacterial sore throat child,bacterial_pharyngitis_peds,Likely: Pediatric bacterial pharyngitis / tonsillitis | Alt: dangerous diagnosis if red flags,"Bakamol 500 mg bottle 100s [Paracetamol 500 mg.] | 500 mg 1 tab PO q6h PRN (max 3,000 mg/day routine) | 3–5 days","Tier 2: pain/inflammation/fever → S-Pro 600 [Ibuprofen 600 mg.] | 200–400 mg PO q6–8h PRN with food | 3–5 days
Tier 3: bacterial ENT/dental infection → A.M.Mox 500 [Amoxicillin 500 mg.] | disease-specific dose | 5–10 days
Tier 4: bacterial sinusitis/bite/dental/skin → AMK 1000 mg [Amoxicillin 875 mg.+Clavulanic Acid 125 mg.] | disease-specific dose | 5–7 days
Tier 5: penicillin-allergy respiratory infection → Azithro 250 mg [Azithromycin 250 mg.] | disease-specific dose | 3–5 days",antibiotic_allowed_only_after_this_disease_gate,pediatric age/BW gate,Red flags or diagnostic uncertainty → in-person evaluation,PASS,Generated from v5 runtime tables
TC_027,belching,gas_belching_adult,Likely: Dyspepsia-type gas / belching | Alt: dangerous diagnosis if red flags,Pariet 20 mg [Rabeprazole 20 mg.] | standard-dose PPI PO OD before meal | 2–8 weeks depending indication,"Tier 2: dyspepsia/gas → Milk of Magnesia C.B. [Magnesium Hydroxide 400 mg./5 ml.] | chew/suspension after meals/HS PRN | as needed
Tier 2: gas/bloating symptom relief → Pudin Hara [Peppermint Oil 150 mg.+Spearmint Oil 30 mg.] | take after meals PRN per product | 1–3 days",do_not_show_antibiotic_unless_disease_gated,restricted-row safety gate,Red flags or diagnostic uncertainty → in-person evaluation,PASS,Generated from v5 runtime tables
TC_028,burn aftercare,burn_aftercare_minor_adult,Likely: Minor burn aftercare | Alt: dangerous diagnosis if red flags,"Betadine Ointment [Povidone Iodine 10 %] | clean/apply per product; dressing as needed | short course
Bakamol 500 mg bottle 100s [Paracetamol 500 mg.] | 500 mg 1 tab PO q6h PRN (max 3,000 mg/day routine) | 3–5 days
Aloe Gel [วุ้นจากว่านหางจระเข้ 87.399 %] | apply thin layer PRN | until healed",Tier 2: pain/inflammation/fever → S-Pro 600 [Ibuprofen 600 mg.] | 200–400 mg PO q6–8h PRN with food | 3–5 days,do_not_show_antibiotic_unless_disease_gated,restricted-row safety gate,"Rapid spread, fever, necrosis, bite, deep burn/wound → in-person/ER",PASS,Generated from v5 runtime tables
TC_029,calf cramp,muscle_cramps_adult,"Likely: Muscle cramps, benign/recurrent | Alt: dangerous diagnosis if red flags","Anpuzz 520 [Mefenamic acid 500 mg. + Dicyclomine HCl 20 mg.] | product-specific adult dose PRN | 1–3 days
Cera ORS รสส้ม [Glucose Anhydrous 3 g.+Sodium Chloride 0.53 g.+Potassium Chloride 0.23 g.+Sodium Citrate Dihydrate 0.44 g.] | sip frequently; replace stool/vomit losses | until hydrated
Difelene Gel เล็ก [Diclofenac diethylammonium 1.16 g./100 g (eq. to Diclofenac Sodium 1.0 g)] | apply thinly to painful area TID–QID | 5–7 days","Tier 2: fever/pain → Bakamol 500 mg bottle 100s [Paracetamol 500 mg.] | 500 mg 1 tab PO q6h PRN (max 3,000 mg/day routine) | 3–5 days
Tier 3: pain/inflammation/fever → S-Pro 600 [Ibuprofen 600 mg.] | 200–400 mg PO q6–8h PRN with food | 3–5 days
Tier 4: pain/inflammation/dysmenorrhea → Naprofazt [Naproxen (as Naproxen Sodium) 250 mg.] | 220–275 mg PO BID PRN with food | 3–5 days
Tier 5: pain/inflammation → Cataflam 50 mg [Diclofenac Potassium 50 mg] | 25–50 mg PO BID–TID with food | 3–5 days
Tier 6: inflammatory pain → Arcoxia 120 mg [Etoricoxib 120 mg.] | 60–90 mg PO OD with food | 3–5 days
Tier 7: inflammatory pain → Celebrex 200 mg [Celecoxib 200 mg.] | 200 mg PO OD or BID per indication | 3–5 days",do_not_show_antibiotic_unless_disease_gated,standard,Red flags or diagnostic uncertainty → in-person evaluation,PASS,Generated from v5 runtime tables
TC_030,child obesity,obesity_child_review,Likely: Overweight/obesity in child or young person | Alt: dangerous diagnosis if red flags,,,do_not_show_antibiotic_unless_disease_gated,pediatric age/BW gate,Red flags or diagnostic uncertainty → in-person evaluation,PASS,Generated from v5 runtime tables
TC_031,cold sore,herpes_labialis_adult,Likely: Herpes labialis / cold sore | Alt: dangerous diagnosis if red flags,"Bakamol 500 mg bottle 100s [Paracetamol 500 mg.] | 500 mg 1 tab PO q6h PRN (max 3,000 mg/day routine) | 3–5 days
Difflam รสน้ำผึ้งมะนาวผสมโพรโพลิส [2,4-Dichlorobenzyl alcohol 1.2 mg.+Amylmetacresol 0.6 mg.] | 1 lozenge slowly q2–3h PRN | 3–5 days
Difflam Forte Spray [Benzydamine Hydrochloride 3 mg.+Ethanol+Saccharin Sodium+Methyl Hydroxybenzoate+Glycerol+PEG-40 Hydrogenated castor oil/ml.] | spray to throat per product label | 3–5 days
LeoPovidone [Povidone-Iodine 10% w/v] | gargle/rinse per product label | 3–5 days
Acevax Cream [Acyclovir 5 g./100 g.] | apply per label | 4–5 days","Tier 2: pain/inflammation/fever → S-Pro 600 [Ibuprofen 600 mg.] | 200–400 mg PO q6–8h PRN with food | 3–5 days
Tier 3: herpes zoster/herpes simplex → Acyvir 400 mg [Acyclovir 400 mg.] | zoster: 800 mg PO 5x/day | 7–10 days",do_not_show_antibiotic_unless_disease_gated,standard,Red flags or diagnostic uncertainty → in-person evaluation,PASS,Generated from v5 runtime tables
TC_032,common cold,common_cold_adult,Likely: Common cold / viral URI | Alt: dangerous diagnosis if red flags,"Bakamol 500 mg bottle 100s [Paracetamol 500 mg.] | 500 mg 1 tab PO q6h PRN (max 3,000 mg/day routine) | 3–5 days
Klean & Kare Saline (ANB) [Sodium Chloride 0.9 g./100 ml.] | spray/rinse each nostril PRN | as needed
Difflam รสน้ำผึ้งมะนาวผสมโพรโพลิส [2,4-Dichlorobenzyl alcohol 1.2 mg.+Amylmetacresol 0.6 mg.] | 1 lozenge slowly q2–3h PRN | 3–5 days
Difflam Forte Spray [Benzydamine Hydrochloride 3 mg.+Ethanol+Saccharin Sodium+Methyl Hydroxybenzoate+Glycerol+PEG-40 Hydrogenated castor oil/ml.] | spray to throat per product label | 3–5 days
LeoPovidone [Povidone-Iodine 10% w/v] | gargle/rinse per product label | 3–5 days","Tier 2: sputum/wet cough → Cystaline [Acetylcysteine 600 mg.] | 600 mg PO OD or divided dose | 3–5 days
Tier 3: sputum/wet cough → Mucolid [Ambroxol HCl 30 mg.] | 30 mg PO TID or product-specific syrup dose | 3–5 days
Tier 4: sputum/wet cough → Bisolvon [Bromhexine HCl 8 mg.] | 8 mg PO TID or product-specific syrup dose | 3–5 days
Tier 5: sputum/wet cough → Bocytin Capsule [Carbocysteine 375 mg.] | adult product-specific dose PO TID | 3–5 days
Tier 6: dry cough → Icolid (ควบคุมจำนวน) [Dextromethorphan HBr 15 mg.] | product-specific adult dose PRN | 3–5 days
Tier 7: allergy/itch/rhinitis → Alerest [Cetirizine dihydrochloride 10 mg.] | 10 mg PO OD | 5–14 days",do_not_show_antibiotic_unless_disease_gated,standard,"Dyspnea, SpO2 low, chest pain, persistent fever/toxic → eval",PASS,Generated from v5 runtime tables
TC_033,contact dermatitis,contact_dermatitis_adult,Likely: Contact dermatitis / irritant rash | Alt: dangerous diagnosis if red flags,"Alerest [Cetirizine dihydrochloride 10 mg.] | 10 mg PO OD | 5–14 days
Muscort Cream [Menthol 5.44%+Methyl Salicylate 10.12%+Eugenol 1.36%] | apply liberally BID–QID | ongoing
Antergan Cream [Hydrocortisone Acetate 5 mg+Mepyramine Maleate 20 mg/1 g] | apply thinly OD–BID | 3–7 days","Tier 2: allergy/itch/rhinitis → Fenafex 180 mg [Fexofenadine HCl 180 mg.] | 120–180 mg PO OD | 5–14 days
Tier 3: allergy/itch/rhinitis → Aerius tabslet [Desloratadine 5 mg.] | 10 mg PO OD | 5–14 days",do_not_show_antibiotic_unless_disease_gated,standard,"Rapid spread, fever, necrosis, bite, deep burn/wound → in-person/ER",PASS,Generated from v5 runtime tables
TC_034,contact lens dry eye,contact_lens_dry_eye_support_adult,Likely: Contact lens dry eye support | Alt: dangerous diagnosis if red flags,Systane Ultra (UD) Lubricant Eye Drops [Polyethylene Glycol 400 0.4%+Propylene Glycol 0.3%+Aminomethylpropanol+Boric Acid+Hydroxypropyl Guar+Potassium Chloride+Sodium Chloride+Sorbitol+Hydrochloric Acid+Sodium Hydroxide/1 ml.] | 1–2 drops affected eye PRN | as needed,,no_antibiotic_default,standard,"Eye pain, photophobia, vision loss, contact lens corneal concern → urgent eye eval",PASS,Generated from v5 runtime tables
TC_035,copd,copd_suspected_over16_diagnosis,Likely: Suspected COPD over 16 | Alt: dangerous diagnosis if red flags,,,do_not_show_antibiotic_unless_disease_gated,restricted-row safety gate,"Dyspnea, SpO2 low, chest pain, persistent fever/toxic → eval",PASS,Generated from v5 runtime tables
TC_036,corn treatment,corn_callus_topical_adult,Likely: Corn / callus topical treatment | Alt: dangerous diagnosis if red flags,,,do_not_show_antibiotic_unless_disease_gated,restricted-row safety gate,"Rapid spread, fever, necrosis, bite, deep burn/wound → in-person/ER",PASS,Generated from v5 runtime tables
TC_037,cutaneous candidiasis,cutaneous_candidiasis_adult,Likely: Cutaneous candidiasis | Alt: dangerous diagnosis if red flags,Candix Solution [Clotrimazole 1 g./100 ml.] | apply thinly BID | 2–4 weeks,"Tier 2: tinea corporis/cruris/pedis → Lamisil Cream [Terbinafine HCl 10 mg./1 g.] | apply thinly OD–BID | 1–2 weeks
Tier 2: allergy/itch/rhinitis → Alerest [Cetirizine dihydrochloride 10 mg.] | 10 mg PO OD | 5–14 days",do_not_show_antibiotic_unless_disease_gated,restricted-row safety gate,"Rapid spread, fever, necrosis, bite, deep burn/wound → in-person/ER",PASS,Generated from v5 runtime tables
TC_038,dental abscess,dental_abscess_support_adult,Likely: Dental abscess support | Alt: dangerous diagnosis if red flags,"Bakamol 500 mg bottle 100s [Paracetamol 500 mg.] | 500 mg 1 tab PO q6h PRN (max 3,000 mg/day routine) | 3–5 days
LeoPovidone [Povidone-Iodine 10% w/v] | gargle/rinse per product label | 3–5 days
Difflam Forte Spray [Benzydamine Hydrochloride 3 mg.+Ethanol+Saccharin Sodium+Methyl Hydroxybenzoate+Glycerol+PEG-40 Hydrogenated castor oil/ml.] | spray to throat per product label | 3–5 days
Antergan Cream [Hydrocortisone Acetate 5 mg+Mepyramine Maleate 20 mg/1 g] | apply thinly OD–BID | 3–7 days","Tier 2: pain/inflammation/fever → S-Pro 600 [Ibuprofen 600 mg.] | 200–400 mg PO q6–8h PRN with food | 3–5 days
Tier 3: bacterial ENT/dental infection → A.M.Mox 500 [Amoxicillin 500 mg.] | disease-specific dose | 5–10 days
Tier 4: bacterial sinusitis/bite/dental/skin → AMK 1000 mg [Amoxicillin 875 mg.+Clavulanic Acid 125 mg.] | disease-specific dose | 5–7 days
Tier 5: penicillin-allergy respiratory infection → Azithro 250 mg [Azithromycin 250 mg.] | disease-specific dose | 3–5 days",antibiotic_allowed_only_after_this_disease_gate,antibiotic indication gate,Red flags or diagnostic uncertainty → in-person evaluation,PASS,Generated from v5 runtime tables
TC_039,dental infection,dental_infection_support_adult,Likely: Dental / gum bacterial infection support | Alt: dangerous diagnosis if red flags,"Bakamol 500 mg bottle 100s [Paracetamol 500 mg.] | 500 mg 1 tab PO q6h PRN (max 3,000 mg/day routine) | 3–5 days
LeoPovidone [Povidone-Iodine 10% w/v] | gargle/rinse per product label | 3–5 days
Difflam Forte Spray [Benzydamine Hydrochloride 3 mg.+Ethanol+Saccharin Sodium+Methyl Hydroxybenzoate+Glycerol+PEG-40 Hydrogenated castor oil/ml.] | spray to throat per product label | 3–5 days
Antergan Cream [Hydrocortisone Acetate 5 mg+Mepyramine Maleate 20 mg/1 g] | apply thinly OD–BID | 3–7 days","Tier 2: pain/inflammation/fever → S-Pro 600 [Ibuprofen 600 mg.] | 200–400 mg PO q6–8h PRN with food | 3–5 days
Tier 3: bacterial ENT/dental infection → A.M.Mox 500 [Amoxicillin 500 mg.] | disease-specific dose | 5–10 days
Tier 4: bacterial sinusitis/bite/dental/skin → AMK 1000 mg [Amoxicillin 875 mg.+Clavulanic Acid 125 mg.] | disease-specific dose | 5–7 days
Tier 5: penicillin-allergy respiratory infection → Azithro 250 mg [Azithromycin 250 mg.] | disease-specific dose | 3–5 days",antibiotic_allowed_only_after_this_disease_gate,antibiotic indication gate,Red flags or diagnostic uncertainty → in-person evaluation,PASS,Generated from v5 runtime tables
TC_040,dental pain,dental_pain_support_adult,Likely: Dental pain support | Alt: dangerous diagnosis if red flags,"Bakamol 500 mg bottle 100s [Paracetamol 500 mg.] | 500 mg 1 tab PO q6h PRN (max 3,000 mg/day routine) | 3–5 days
Difelene Gel เล็ก [Diclofenac diethylammonium 1.16 g./100 g (eq. to Diclofenac Sodium 1.0 g)] | apply thinly to painful area TID–QID | 5–7 days
LeoPovidone [Povidone-Iodine 10% w/v] | gargle/rinse per product label | 3–5 days
Difflam Forte Spray [Benzydamine Hydrochloride 3 mg.+Ethanol+Saccharin Sodium+Methyl Hydroxybenzoate+Glycerol+PEG-40 Hydrogenated castor oil/ml.] | spray to throat per product label | 3–5 days
Antergan Cream [Hydrocortisone Acetate 5 mg+Mepyramine Maleate 20 mg/1 g] | apply thinly OD–BID | 3–7 days
Kamistad-Gel N [Lidocaine HCl 20 mg.+Chamomile Flower Extract 185 mg.+Ethanol 50% v/v+Tromethamole 1.37% w/w+Preservative (Benzalkonium Chloride 1 mg.)/1 g.] | apply small amount to lesion PRN | 3–5 days","Tier 2: pain/inflammation/fever → S-Pro 600 [Ibuprofen 600 mg.] | 200–400 mg PO q6–8h PRN with food | 3–5 days
Tier 3: pain/inflammation/dysmenorrhea → Naprofazt [Naproxen (as Naproxen Sodium) 250 mg.] | 220–275 mg PO BID PRN with food | 3–5 days
Tier 4: pain/inflammation → Cataflam 50 mg [Diclofenac Potassium 50 mg] | 25–50 mg PO BID–TID with food | 3–5 days
Tier 5: inflammatory pain → Arcoxia 120 mg [Etoricoxib 120 mg.] | 60–90 mg PO OD with food | 3–5 days
Tier 6: inflammatory pain → Celebrex 200 mg [Celecoxib 200 mg.] | 200 mg PO OD or BID per indication | 3–5 days",do_not_show_antibiotic_unless_disease_gated,restricted-row safety gate,Red flags or diagnostic uncertainty → in-person evaluation,PASS,Generated from v5 runtime tables
TC_041,diabetic neuropathy pain,painful_diabetic_polyneuropathy_adult,Likely: Painful diabetic polyneuropathy | Alt: dangerous diagnosis if red flags,,,do_not_show_antibiotic_unless_disease_gated,restricted-row safety gate,Red flags or diagnostic uncertainty → in-person evaluation,PASS,Generated from v5 runtime tables
TC_042,digestive aid,digestive_aid_postmeal_adult,Likely: Digestive-aid support after meals | Alt: dangerous diagnosis if red flags,Pariet 20 mg [Rabeprazole 20 mg.] | standard-dose PPI PO OD before meal | 2–8 weeks depending indication,Tier 2: dyspepsia/gas → Milk of Magnesia C.B. [Magnesium Hydroxide 400 mg./5 ml.] | chew/suspension after meals/HS PRN | as needed,do_not_show_antibiotic_unless_disease_gated,restricted-row safety gate,Red flags or diagnostic uncertainty → in-person evaluation,PASS,Generated from v5 runtime tables
V5_TC_005,dry eye,dry_eye_adult,Likely: Dry eye disease / ocular surface irritation | Alt: dangerous diagnosis if red flags,Systane Ultra (UD) Lubricant Eye Drops [Polyethylene Glycol 400 0.4%+Propylene Glycol 0.3%+Aminomethylpropanol+Boric Acid+Hydroxypropyl Guar+Potassium Chloride+Sodium Chloride+Sorbitol+Hydrochloric Acid+Sodium Hydroxide/1 ml.] | 1–2 drops affected eye PRN | as needed,Tier 1: alternative lubricant → Vislube [Sodium Hyaluronate 0.18% (Sodium Hyaluronate 1.8 mg.+Sodium Chloride 2.8 mg.+Potassium Chloride 1 mg.+Disodium Hydrogenphosphate 3.2 mg.+Sodium Citrate 0.3 mg.+Magnesium Chloride 0.09 mg.+Calcium Chloride 0.09 mg.)] | 1 drop affected eye PRN | as needed,no_antibiotic_default,eye pain/vision red flags,Red flags or diagnostic uncertainty → in-person evaluation,PASS,Generated from v5 runtime tables
TC_044,dry eye child,dry_eye_peds_support,Likely: Pediatric dry eye support | Alt: dangerous diagnosis if red flags,Systane Ultra (UD) Lubricant Eye Drops [Polyethylene Glycol 400 0.4%+Propylene Glycol 0.3%+Aminomethylpropanol+Boric Acid+Hydroxypropyl Guar+Potassium Chloride+Sodium Chloride+Sorbitol+Hydrochloric Acid+Sodium Hydroxide/1 ml.] | 1–2 drops affected eye PRN | as needed,,no_antibiotic_default,pediatric age/BW gate,"Eye pain, photophobia, vision loss, contact lens corneal concern → urgent eye eval",PASS,Generated from v5 runtime tables
TC_045,dry itchy eczema,eczema_dry_pruritic_adult,Likely: Dry pruritic eczema | Alt: dangerous diagnosis if red flags,"Bakamol 500 mg bottle 100s [Paracetamol 500 mg.] | 500 mg 1 tab PO q6h PRN (max 3,000 mg/day routine) | 3–5 days
Muscort Cream [Menthol 5.44%+Methyl Salicylate 10.12%+Eugenol 1.36%] | apply liberally BID–QID | ongoing
Antergan Cream [Hydrocortisone Acetate 5 mg+Mepyramine Maleate 20 mg/1 g] | apply thinly OD–BID | 3–7 days","Tier 7: allergy/itch/rhinitis → Alerest [Cetirizine dihydrochloride 10 mg.] | 10 mg PO OD | 5–14 days
Tier 2: nasal congestion → Actavia [Xylometazoline Hydrochloride 0.1% (1 mg./1 ml.)] | 1–2 sprays/nostril BID PRN | ≤3 days
Tier 10: allergy/itch/rhinitis → Fenafex 180 mg [Fexofenadine HCl 180 mg.] | 120–180 mg PO OD | 5–14 days
Tier 11: allergy/itch/rhinitis → Aerius tabslet [Desloratadine 5 mg.] | 10 mg PO OD | 5–14 days",do_not_show_antibiotic_unless_disease_gated,standard,"Dyspnea, SpO2 low, chest pain, persistent fever/toxic → eval",PASS,Generated from v5 runtime tables
TC_046,dry skin,dry_skin_adult,Likely: Dry skin / xerosis | Alt: dangerous diagnosis if red flags,"Alerest [Cetirizine dihydrochloride 10 mg.] | 10 mg PO OD | 5–14 days
Muscort Cream [Menthol 5.44%+Methyl Salicylate 10.12%+Eugenol 1.36%] | apply liberally BID–QID | ongoing
Antergan Cream [Hydrocortisone Acetate 5 mg+Mepyramine Maleate 20 mg/1 g] | apply thinly OD–BID | 3–7 days
Aloe Gel [วุ้นจากว่านหางจระเข้ 87.399 %] | apply thin layer PRN | until healed","Tier 2: allergy/itch/rhinitis → Fenafex 180 mg [Fexofenadine HCl 180 mg.] | 120–180 mg PO OD | 5–14 days
Tier 3: allergy/itch/rhinitis → Aerius tabslet [Desloratadine 5 mg.] | 10 mg PO OD | 5–14 days",do_not_show_antibiotic_unless_disease_gated,standard,"Rapid spread, fever, necrosis, bite, deep burn/wound → in-person/ER",PASS,Generated from v5 runtime tables
TC_047,dyspepsia,dyspepsia_uninvestigated_adult,Likely: Uninvestigated dyspepsia in adults | Alt: dangerous diagnosis if red flags,Pariet 20 mg [Rabeprazole 20 mg.] | standard-dose PPI PO OD before meal | 2–8 weeks depending indication,Tier 2: dyspepsia/gas → Milk of Magnesia C.B. [Magnesium Hydroxide 400 mg./5 ml.] | chew/suspension after meals/HS PRN | as needed,do_not_show_antibiotic_unless_disease_gated,restricted-row safety gate,Red flags or diagnostic uncertainty → in-person evaluation,PASS,Generated from v5 runtime tables
TC_048,dyspepsia gas,dyspepsia_gas_adult,Likely: Dyspeptic gas / post-meal belching | Alt: dangerous diagnosis if red flags,Pariet 20 mg [Rabeprazole 20 mg.] | standard-dose PPI PO OD before meal | 2–8 weeks depending indication,Tier 2: dyspepsia/gas → Milk of Magnesia C.B. [Magnesium Hydroxide 400 mg./5 ml.] | chew/suspension after meals/HS PRN | as needed,do_not_show_antibiotic_unless_disease_gated,restricted-row safety gate,Red flags or diagnostic uncertainty → in-person evaluation,PASS,Generated from v5 runtime tables
TC_049,dysuria lower uti,dysuria_lower_uti_adult,Likely: Lower UTI with dysuria | Alt: dangerous diagnosis if red flags,"Bakamol 500 mg bottle 100s [Paracetamol 500 mg.] | 500 mg 1 tab PO q6h PRN (max 3,000 mg/day routine) | 3–5 days",Tier 11: pain/inflammation/fever → S-Pro 600 [Ibuprofen 600 mg.] | 200–400 mg PO q6–8h PRN with food | 3–5 days,do_not_show_antibiotic_unless_disease_gated,restricted-row safety gate,"Fever/flank pain/pregnancy/male/complicated UTI → urine test/eval | Dyspnea, SpO2 low, chest pain, persistent fever/toxic → eval",PASS,Generated from v5 runtime tables
TC_050,eczema,itchy_dermatitis_adult,Likely: Dermatitis / eczema flare | Alt: dangerous diagnosis if red flags,"Alerest [Cetirizine dihydrochloride 10 mg.] | 10 mg PO OD | 5–14 days
Muscort Cream [Menthol 5.44%+Methyl Salicylate 10.12%+Eugenol 1.36%] | apply liberally BID–QID | ongoing
Antergan Cream [Hydrocortisone Acetate 5 mg+Mepyramine Maleate 20 mg/1 g] | apply thinly OD–BID | 3–7 days","Tier 2: allergy/itch/rhinitis → Fenafex 180 mg [Fexofenadine HCl 180 mg.] | 120–180 mg PO OD | 5–14 days
Tier 3: allergy/itch/rhinitis → Aerius tabslet [Desloratadine 5 mg.] | 10 mg PO OD | 5–14 days",do_not_show_antibiotic_unless_disease_gated,restricted-row safety gate,"Rapid spread, fever, necrosis, bite, deep burn/wound → in-person/ER",PASS,Generated from v5 runtime tables
TC_051,eczema child,localized_eczema_peds,Likely: Pediatric localized eczema support | Alt: dangerous diagnosis if red flags,"Alerest [Cetirizine dihydrochloride 10 mg.] | 10 mg PO OD | 5–14 days
Antergan Cream [Hydrocortisone Acetate 5 mg+Mepyramine Maleate 20 mg/1 g] | apply thinly OD–BID | 3–7 days",Tier 3: allergy/itch/rhinitis → Aerius tabslet [Desloratadine 5 mg.] | 10 mg PO OD | 5–14 days,do_not_show_antibiotic_unless_disease_gated,pediatric age/BW gate,"Rapid spread, fever, necrosis, bite, deep burn/wound → in-person/ER",PASS,Generated from v5 runtime tables
TC_052,eczema herpeticum,eczema_herpeticum_child,Likely: Eczema herpeticum | Alt: dangerous diagnosis if red flags,"Alerest [Cetirizine dihydrochloride 10 mg.] | 10 mg PO OD | 5–14 days
Antergan Cream [Hydrocortisone Acetate 5 mg+Mepyramine Maleate 20 mg/1 g] | apply thinly OD–BID | 3–7 days",Tier 3: allergy/itch/rhinitis → Aerius tabslet [Desloratadine 5 mg.] | 10 mg PO OD | 5–14 days,do_not_show_antibiotic_unless_disease_gated,pediatric age/BW gate,"Rapid spread, fever, necrosis, bite, deep burn/wound → in-person/ER",PASS,Generated from v5 runtime tables
TC_053,epistaxis,epistaxis_adult,Likely: Anterior epistaxis / nosebleed | Alt: dangerous diagnosis if red flags,Klean & Kare Saline (ANB) [Sodium Chloride 0.9 g./100 ml.] | spray/rinse each nostril PRN | as needed,Tier 2: nasal congestion → Actavia [Xylometazoline Hydrochloride 0.1% (1 mg./1 ml.)] | 1–2 sprays/nostril BID PRN | ≤3 days,do_not_show_antibiotic_unless_disease_gated,restricted-row safety gate,Red flags or diagnostic uncertainty → in-person evaluation,PASS,Generated from v5 runtime tables
TC_054,eye irritation,eye_irritation_adult,Likely: Eye irritation / dust exposure | Alt: dangerous diagnosis if red flags,"Systane Ultra (UD) Lubricant Eye Drops [Polyethylene Glycol 400 0.4%+Propylene Glycol 0.3%+Aminomethylpropanol+Boric Acid+Hydroxypropyl Guar+Potassium Chloride+Sodium Chloride+Sorbitol+Hydrochloric Acid+Sodium Hydroxide/1 ml.] | 1–2 drops affected eye PRN | as needed
Bakamol 500 mg bottle 100s [Paracetamol 500 mg.] | 500 mg 1 tab PO q6h PRN (max 3,000 mg/day routine) | 3–5 days
Op-Ize Eye Wash [Boric Acid 2.0 g.+Sodium Borate 0.5 g.+Zinc Sulphate 0.004 g./100 ml.] | rinse/irrigate per product | PRN",,do_not_show_antibiotic_unless_disease_gated,standard,"Eye pain, photophobia, vision loss, contact lens corneal concern → urgent eye eval",PASS,Generated from v5 runtime tables
TC_055,eye irritation child,eye_irritation_peds,Likely: Pediatric eye irritation support | Alt: dangerous diagnosis if red flags,"Systane Ultra (UD) Lubricant Eye Drops [Polyethylene Glycol 400 0.4%+Propylene Glycol 0.3%+Aminomethylpropanol+Boric Acid+Hydroxypropyl Guar+Potassium Chloride+Sodium Chloride+Sorbitol+Hydrochloric Acid+Sodium Hydroxide/1 ml.] | 1–2 drops affected eye PRN | as needed
Bakamol 500 mg bottle 100s [Paracetamol 500 mg.] | 500 mg 1 tab PO q6h PRN (max 3,000 mg/day routine) | 3–5 days",,do_not_show_antibiotic_unless_disease_gated,pediatric age/BW gate,"Eye pain, photophobia, vision loss, contact lens corneal concern → urgent eye eval",PASS,Generated from v5 runtime tables
TC_056,eye lubrication,eye_lubrication_adult,Likely: Eye lubrication support | Alt: dangerous diagnosis if red flags,"Systane Ultra (UD) Lubricant Eye Drops [Polyethylene Glycol 400 0.4%+Propylene Glycol 0.3%+Aminomethylpropanol+Boric Acid+Hydroxypropyl Guar+Potassium Chloride+Sodium Chloride+Sorbitol+Hydrochloric Acid+Sodium Hydroxide/1 ml.] | 1–2 drops affected eye PRN | as needed
Bakamol 500 mg bottle 100s [Paracetamol 500 mg.] | 500 mg 1 tab PO q6h PRN (max 3,000 mg/day routine) | 3–5 days",,do_not_show_antibiotic_unless_disease_gated,standard,"Eye pain, photophobia, vision loss, contact lens corneal concern → urgent eye eval",PASS,Generated from v5 runtime tables
TC_057,eye wash,eye_wash_support_adult,Likely: Eye wash support | Alt: dangerous diagnosis if red flags,"Systane Ultra (UD) Lubricant Eye Drops [Polyethylene Glycol 400 0.4%+Propylene Glycol 0.3%+Aminomethylpropanol+Boric Acid+Hydroxypropyl Guar+Potassium Chloride+Sodium Chloride+Sorbitol+Hydrochloric Acid+Sodium Hydroxide/1 ml.] | 1–2 drops affected eye PRN | as needed
Bakamol 500 mg bottle 100s [Paracetamol 500 mg.] | 500 mg 1 tab PO q6h PRN (max 3,000 mg/day routine) | 3–5 days
Op-Ize Eye Wash [Boric Acid 2.0 g.+Sodium Borate 0.5 g.+Zinc Sulphate 0.004 g./100 ml.] | rinse/irrigate per product | PRN",,do_not_show_antibiotic_unless_disease_gated,standard,"Eye pain, photophobia, vision loss, contact lens corneal concern → urgent eye eval",PASS,Generated from v5 runtime tables
TC_058,fever body ache,viral_fever_bodyache_adult,Likely: Viral fever / body ache | Alt: dangerous diagnosis if red flags,"Bakamol 500 mg bottle 100s [Paracetamol 500 mg.] | 500 mg 1 tab PO q6h PRN (max 3,000 mg/day routine) | 3–5 days",,no_antibiotic_default,standard,Red flags or diagnostic uncertainty → in-person evaluation,PASS,Generated from v5 runtime tables
TC_059,fever child support,viral_fever_peds_support,Likely: Pediatric viral fever support | Alt: dangerous diagnosis if red flags,"Bakamol 500 mg bottle 100s [Paracetamol 500 mg.] | 500 mg 1 tab PO q6h PRN (max 3,000 mg/day routine) | 3–5 days",,no_antibiotic_default,pediatric age/BW gate,Red flags or diagnostic uncertainty → in-person evaluation,PASS,Generated from v5 runtime tables
TC_060,folliculitis,localized_folliculitis_adult,Likely: Localized folliculitis | Alt: dangerous diagnosis if red flags,Betadine Ointment [Povidone Iodine 10 %] | clean/apply per product; dressing as needed | short course,"Tier 2: fever/pain → Bakamol 500 mg bottle 100s [Paracetamol 500 mg.] | 500 mg 1 tab PO q6h PRN (max 3,000 mg/day routine) | 3–5 days
Tier 3: pain/inflammation/fever → S-Pro 600 [Ibuprofen 600 mg.] | 200–400 mg PO q6–8h PRN with food | 3–5 days",do_not_show_antibiotic_unless_disease_gated,restricted-row safety gate,"Rapid spread, fever, necrosis, bite, deep burn/wound → in-person/ER",PASS,Generated from v5 runtime tables
TC_061,foreign body irritation,foreign_body_irritation_followup_adult,Likely: Foreign-body irritation follow-up | Alt: dangerous diagnosis if red flags,"Bakamol 500 mg bottle 100s [Paracetamol 500 mg.] | 500 mg 1 tab PO q6h PRN (max 3,000 mg/day routine) | 3–5 days",,do_not_show_antibiotic_unless_disease_gated,standard,Red flags or diagnostic uncertainty → in-person evaluation,PASS,Generated from v5 runtime tables
TC_062,functional bloating,functional_bloating_adult,Likely: Functional bloating / flatulence | Alt: dangerous diagnosis if red flags,Pariet 20 mg [Rabeprazole 20 mg.] | standard-dose PPI PO OD before meal | 2–8 weeks depending indication,"Tier 2: dyspepsia/gas → Milk of Magnesia C.B. [Magnesium Hydroxide 400 mg./5 ml.] | chew/suspension after meals/HS PRN | as needed
Tier 2: gas/bloating symptom relief → Pudin Hara [Peppermint Oil 150 mg.+Spearmint Oil 30 mg.] | take after meals PRN per product | 1–3 days",do_not_show_antibiotic_unless_disease_gated,restricted-row safety gate,Red flags or diagnostic uncertainty → in-person evaluation,PASS,Generated from v5 runtime tables
TC_063,fungal intertrigo,fungal_intertrigo_adult,Likely: Fungal intertrigo | Alt: dangerous diagnosis if red flags,Candix Solution [Clotrimazole 1 g./100 ml.] | apply thinly BID | 2–4 weeks,Tier 2: tinea corporis/cruris/pedis → Lamisil Cream [Terbinafine HCl 10 mg./1 g.] | apply thinly OD–BID | 1–2 weeks,do_not_show_antibiotic_unless_disease_gated,restricted-row safety gate,"Rapid spread, fever, necrosis, bite, deep burn/wound → in-person/ER",PASS,Generated from v5 runtime tables
TC_064,fungal rash,tinea_pruritic_rash_adult,Likely: Tinea corporis / pruritic fungal rash | Alt: dangerous diagnosis if red flags,Candix Solution [Clotrimazole 1 g./100 ml.] | apply thinly BID | 2–4 weeks,Tier 2: tinea corporis/cruris/pedis → Lamisil Cream [Terbinafine HCl 10 mg./1 g.] | apply thinly OD–BID | 1–2 weeks,do_not_show_antibiotic_unless_disease_gated,restricted-row safety gate,"Dyspnea, SpO2 low, chest pain, persistent fever/toxic → eval",PASS,Generated from v5 runtime tables
TC_065,fusidic acid support,topical_fusidic_support_adult,Likely: Topical fusidic acid support | Alt: dangerous diagnosis if red flags,"Bakamol 500 mg bottle 100s [Paracetamol 500 mg.] | 500 mg 1 tab PO q6h PRN (max 3,000 mg/day routine) | 3–5 days",,do_not_show_antibiotic_unless_disease_gated,standard,Red flags or diagnostic uncertainty → in-person evaluation,PASS,Generated from v5 runtime tables
TC_066,gas bloating,abdominal_gas_bloating_adult,Likely: Generalized bloating / flatulence | Alt: dangerous diagnosis if red flags,"Pariet 20 mg [Rabeprazole 20 mg.] | standard-dose PPI PO OD before meal | 2–8 weeks depending indication
Cera ORS รสส้ม [Glucose Anhydrous 3 g.+Sodium Chloride 0.53 g.+Potassium Chloride 0.23 g.+Sodium Citrate Dihydrate 0.44 g.] | sip frequently; replace stool/vomit losses | until hydrated","Tier 2: dyspepsia/gas → Milk of Magnesia C.B. [Magnesium Hydroxide 400 mg./5 ml.] | chew/suspension after meals/HS PRN | as needed
Tier 4: abdominal cramp → Anpuzz 520 [Mefenamic acid 500 mg. + Dicyclomine HCl 20 mg.] | product-specific adult dose PRN | 1–3 days
Tier 5: fever/pain → Bakamol 500 mg bottle 100s [Paracetamol 500 mg.] | 500 mg 1 tab PO q6h PRN (max 3,000 mg/day routine) | 3–5 days
Tier 2: gas/bloating symptom relief → Pudin Hara [Peppermint Oil 150 mg.+Spearmint Oil 30 mg.] | take after meals PRN per product | 1–3 days",do_not_show_antibiotic_unless_disease_gated,restricted-row safety gate,Red flags or diagnostic uncertainty → in-person evaluation,PASS,Generated from v5 runtime tables
TC_067,gastroenteritis,gastroenteritis_mild_adult,Likely: Mild viral gastroenteritis | Alt: dangerous diagnosis if red flags,"Cera ORS รสส้ม [Glucose Anhydrous 3 g.+Sodium Chloride 0.53 g.+Potassium Chloride 0.23 g.+Sodium Citrate Dihydrate 0.44 g.] | sip frequently; replace stool/vomit losses | until hydrated
Bioflor [Lyophilized Saccharomyces boulardii 250 mg.] | product-specific dose PO BID | 3–5 days
Dehecta [Dioctahedral Smectite 3 g./20 ml.] | sachet PO per product schedule | 1–3 days
Bakamol 500 mg bottle 100s [Paracetamol 500 mg.] | 500 mg 1 tab PO q6h PRN (max 3,000 mg/day routine) | 3–5 days","Tier 2: acute watery diarrhea → Hidrasec 100 mg. [Racecadotril 100 mg.] | adult/child product dose TID short course | 1–3 days
Tier 2: adult non-bloody diarrhea → Imodium [Loperamide HCl 2 mg.] | 4 mg once then 2 mg after stool; max per label | ≤2 days
Tier 3: GERD/dyspepsia → Pariet 20 mg [Rabeprazole 20 mg.] | standard-dose PPI PO OD before meal | 2–8 weeks depending indication
Tier 4: dyspepsia/gas → Milk of Magnesia C.B. [Magnesium Hydroxide 400 mg./5 ml.] | chew/suspension after meals/HS PRN | as needed",do_not_show_antibiotic_unless_disease_gated,restricted-row safety gate,"Severe dehydration, blood/mucus stool, high fever, severe abdominal pain → eval",PASS,Generated from v5 runtime tables
TC_068,gastroenteritis child,acute_gastroenteritis_peds_mild,Likely: Pediatric mild gastroenteritis | Alt: dangerous diagnosis if red flags,"Cera ORS รสส้ม [Glucose Anhydrous 3 g.+Sodium Chloride 0.53 g.+Potassium Chloride 0.23 g.+Sodium Citrate Dihydrate 0.44 g.] | sip frequently; replace stool/vomit losses | until hydrated
Bioflor [Lyophilized Saccharomyces boulardii 250 mg.] | product-specific dose PO BID | 3–5 days
Dehecta [Dioctahedral Smectite 3 g./20 ml.] | sachet PO per product schedule | 1–3 days
Bakamol 500 mg bottle 100s [Paracetamol 500 mg.] | 500 mg 1 tab PO q6h PRN (max 3,000 mg/day routine) | 3–5 days",Tier 2: acute watery diarrhea → Hidrasec 100 mg. [Racecadotril 100 mg.] | adult/child product dose TID short course | 1–3 days,do_not_show_antibiotic_unless_disease_gated,pediatric age/BW gate,"Severe dehydration, blood/mucus stool, high fever, severe abdominal pain → eval",PASS,Generated from v5 runtime tables
TC_069,gerd,gord_adult_empiric,Likely: Gastro-oesophageal reflux disease in adults | Alt: dangerous diagnosis if red flags,"Pariet 20 mg [Rabeprazole 20 mg.] | standard-dose PPI PO OD before meal | 2–8 weeks depending indication
Gaviscon Suspension bottle 150 ml [Sodium alginate 500 mg.+Sodium bicarbonate 267 mg./10 ml.] | after meals/HS per product | 3–7 days",Tier 2: dyspepsia/gas → Milk of Magnesia C.B. [Magnesium Hydroxide 400 mg./5 ml.] | chew/suspension after meals/HS PRN | as needed,do_not_show_antibiotic_unless_disease_gated,restricted-row safety gate,Red flags or diagnostic uncertainty → in-person evaluation,PASS,Generated from v5 runtime tables
TC_070,gingivitis,gingivitis_localized_adult,Likely: Localized gingivitis | Alt: dangerous diagnosis if red flags,"Bakamol 500 mg bottle 100s [Paracetamol 500 mg.] | 500 mg 1 tab PO q6h PRN (max 3,000 mg/day routine) | 3–5 days
LeoPovidone [Povidone-Iodine 10% w/v] | gargle/rinse per product label | 3–5 days
Difflam Forte Spray [Benzydamine Hydrochloride 3 mg.+Ethanol+Saccharin Sodium+Methyl Hydroxybenzoate+Glycerol+PEG-40 Hydrogenated castor oil/ml.] | spray to throat per product label | 3–5 days
Antergan Cream [Hydrocortisone Acetate 5 mg+Mepyramine Maleate 20 mg/1 g] | apply thinly OD–BID | 3–7 days",Tier 2: pain/inflammation/fever → S-Pro 600 [Ibuprofen 600 mg.] | 200–400 mg PO q6–8h PRN with food | 3–5 days,do_not_show_antibiotic_unless_disease_gated,standard,Red flags or diagnostic uncertainty → in-person evaluation,PASS,Generated from v5 runtime tables
TC_071,gum inflammation support,gum_inflammation_support_adult,Likely: Gum inflammation support | Alt: dangerous diagnosis if red flags,"Bakamol 500 mg bottle 100s [Paracetamol 500 mg.] | 500 mg 1 tab PO q6h PRN (max 3,000 mg/day routine) | 3–5 days
LeoPovidone [Povidone-Iodine 10% w/v] | gargle/rinse per product label | 3–5 days
Difflam Forte Spray [Benzydamine Hydrochloride 3 mg.+Ethanol+Saccharin Sodium+Methyl Hydroxybenzoate+Glycerol+PEG-40 Hydrogenated castor oil/ml.] | spray to throat per product label | 3–5 days
Antergan Cream [Hydrocortisone Acetate 5 mg+Mepyramine Maleate 20 mg/1 g] | apply thinly OD–BID | 3–7 days",Tier 2: pain/inflammation/fever → S-Pro 600 [Ibuprofen 600 mg.] | 200–400 mg PO q6–8h PRN with food | 3–5 days,do_not_show_antibiotic_unless_disease_gated,standard,Red flags or diagnostic uncertainty → in-person evaluation,PASS,Generated from v5 runtime tables
TC_072,h pylori,h_pylori_confirmed_adult,Likely: Confirmed active Helicobacter pylori infection | Alt: dangerous diagnosis if red flags,Pariet 20 mg [Rabeprazole 20 mg.] | standard-dose PPI PO OD before meal | 2–8 weeks depending indication,"Tier 2: dyspepsia/gas → Milk of Magnesia C.B. [Magnesium Hydroxide 400 mg./5 ml.] | chew/suspension after meals/HS PRN | as needed
Tier 4: bacterial ENT/dental infection → A.M.Mox 500 [Amoxicillin 500 mg.] | disease-specific dose | 5–10 days
Tier 5: bacterial sinusitis/bite/dental/skin → AMK 1000 mg [Amoxicillin 875 mg.+Clavulanic Acid 125 mg.] | disease-specific dose | 5–7 days
Tier 6: penicillin-allergy respiratory infection → Azithro 250 mg [Azithromycin 250 mg.] | disease-specific dose | 3–5 days",antibiotic_allowed_only_after_this_disease_gate,restricted-row safety gate,Red flags or diagnostic uncertainty → in-person evaluation,PASS,Generated from v5 runtime tables
TC_073,hot flashes,menopause_vasomotor_adult,Likely: Menopause-associated vasomotor symptoms | Alt: dangerous diagnosis if red flags,,,do_not_show_antibiotic_unless_disease_gated,restricted-row safety gate,Red flags or diagnostic uncertainty → in-person evaluation,PASS,Generated from v5 runtime tables
TC_074,hyperthyroid,thyrotoxicosis_adult_review,Likely: Thyrotoxicosis adult review | Alt: dangerous diagnosis if red flags,,,do_not_show_antibiotic_unless_disease_gated,restricted-row safety gate,Red flags or diagnostic uncertainty → in-person evaluation,PASS,Generated from v5 runtime tables
TC_075,hypothyroid,hypothyroidism_adult_review,Likely: Hypothyroidism adult review | Alt: dangerous diagnosis if red flags,,,do_not_show_antibiotic_unless_disease_gated,restricted-row safety gate,Red flags or diagnostic uncertainty → in-person evaluation,PASS,Generated from v5 runtime tables
TC_077,impetigo,impetigo_localized_adult,Likely: Localized impetigo (topical-first) | Alt: dangerous diagnosis if red flags,"Betadine Ointment [Povidone Iodine 10 %] | clean/apply per product; dressing as needed | short course
Fucidin Cream [Fusidic acid 20 mg./1 g.] | apply thinly TID | 5 days
Dicloxilin-500 [Dicloxacillin 500 mg.] | disease-specific antibiotic dose | 5–7 days
Fucidin Cream [Fusidic acid 20 mg./1 g.] | apply thinly TID | 5 days","Tier 2: fever/pain → Bakamol 500 mg bottle 100s [Paracetamol 500 mg.] | 500 mg 1 tab PO q6h PRN (max 3,000 mg/day routine) | 3–5 days
Tier 3: pain/inflammation/fever → S-Pro 600 [Ibuprofen 600 mg.] | 200–400 mg PO q6–8h PRN with food | 3–5 days
Tier 2: fusidic acid unavailable → Mulacin Ointment [Mupirocin 2% w/w] | apply thinly TID | 5 days",antibiotic_allowed_only_after_this_disease_gate,antibiotic indication gate,"Rapid spread, fever, necrosis, bite, deep burn/wound → in-person/ER",PASS,Generated from v5 runtime tables
TC_078,impetigo oral antibiotic,impetigo_oral_antibiotic_adult,Likely: Impetigo needing oral antibiotic | Alt: dangerous diagnosis if red flags,"Betadine Ointment [Povidone Iodine 10 %] | clean/apply per product; dressing as needed | short course
Fucidin Cream [Fusidic acid 20 mg./1 g.] | apply thinly TID | 5 days
Dicloxilin-500 [Dicloxacillin 500 mg.] | disease-specific antibiotic dose | 5–7 days","Tier 2: fever/pain → Bakamol 500 mg bottle 100s [Paracetamol 500 mg.] | 500 mg 1 tab PO q6h PRN (max 3,000 mg/day routine) | 3–5 days
Tier 3: pain/inflammation/fever → S-Pro 600 [Ibuprofen 600 mg.] | 200–400 mg PO q6–8h PRN with food | 3–5 days",antibiotic_allowed_only_after_this_disease_gate,antibiotic indication gate,"Rapid spread, fever, necrosis, bite, deep burn/wound → in-person/ER",PASS,Generated from v5 runtime tables
TC_079,indigestion after meal,indigestion_postmeal_adult,Likely: Post-meal indigestion | Alt: dangerous diagnosis if red flags,Pariet 20 mg [Rabeprazole 20 mg.] | standard-dose PPI PO OD before meal | 2–8 weeks depending indication,Tier 2: dyspepsia/gas → Milk of Magnesia C.B. [Magnesium Hydroxide 400 mg./5 ml.] | chew/suspension after meals/HS PRN | as needed,do_not_show_antibiotic_unless_disease_gated,restricted-row safety gate,Red flags or diagnostic uncertainty → in-person evaluation,PASS,Generated from v5 runtime tables
TC_080,infected abrasion,infected_abrasion_adult,Likely: Infected abrasion | Alt: dangerous diagnosis if red flags,"Betadine Ointment [Povidone Iodine 10 %] | clean/apply per product; dressing as needed | short course
Fucidin Cream [Fusidic acid 20 mg./1 g.] | apply thinly TID | 5 days
Dicloxilin-500 [Dicloxacillin 500 mg.] | disease-specific antibiotic dose | 5–7 days","Tier 2: fever/pain → Bakamol 500 mg bottle 100s [Paracetamol 500 mg.] | 500 mg 1 tab PO q6h PRN (max 3,000 mg/day routine) | 3–5 days
Tier 3: pain/inflammation/fever → S-Pro 600 [Ibuprofen 600 mg.] | 200–400 mg PO q6–8h PRN with food | 3–5 days",antibiotic_allowed_only_after_this_disease_gate,antibiotic indication gate,"Rapid spread, fever, necrosis, bite, deep burn/wound → in-person/ER",PASS,Generated from v5 runtime tables
TC_082,infected eczema,secondary_infected_eczema,Likely: Secondary bacterial infection of eczema | Alt: dangerous diagnosis if red flags,"Alerest [Cetirizine dihydrochloride 10 mg.] | 10 mg PO OD | 5–14 days
Muscort Cream [Menthol 5.44%+Methyl Salicylate 10.12%+Eugenol 1.36%] | apply liberally BID–QID | ongoing
Antergan Cream [Hydrocortisone Acetate 5 mg+Mepyramine Maleate 20 mg/1 g] | apply thinly OD–BID | 3–7 days
Betadine Ointment [Povidone Iodine 10 %] | clean/apply per product; dressing as needed | short course","Tier 2: allergy/itch/rhinitis → Fenafex 180 mg [Fexofenadine HCl 180 mg.] | 120–180 mg PO OD | 5–14 days
Tier 3: allergy/itch/rhinitis → Aerius tabslet [Desloratadine 5 mg.] | 10 mg PO OD | 5–14 days
Tier 2: localized impetigo/skin infection → Fucidin Cream [Fusidic acid 20 mg./1 g.] | apply thinly TID | 5 days
Tier 4: cellulitis/widespread impetigo → Dicloxilin-500 [Dicloxacillin 500 mg.] | disease-specific antibiotic dose | 5–7 days
Tier 5: fever/pain → Bakamol 500 mg bottle 100s [Paracetamol 500 mg.] | 500 mg 1 tab PO q6h PRN (max 3,000 mg/day routine) | 3–5 days
Tier 6: pain/inflammation/fever → S-Pro 600 [Ibuprofen 600 mg.] | 200–400 mg PO q6–8h PRN with food | 3–5 days",antibiotic_allowed_only_after_this_disease_gate,antibiotic indication gate,"Rapid spread, fever, necrosis, bite, deep burn/wound → in-person/ER",PASS,Generated from v5 runtime tables
TC_084,infected insect bite,infected_insect_bite_cellulitis_gate,Likely: Infected insect bite/sting / cellulitis gate | Alt: dangerous diagnosis if red flags,"Alerest [Cetirizine dihydrochloride 10 mg.] | 10 mg PO OD | 5–14 days
Muscort Cream [Menthol 5.44%+Methyl Salicylate 10.12%+Eugenol 1.36%] | apply liberally BID–QID | ongoing
Antergan Cream [Hydrocortisone Acetate 5 mg+Mepyramine Maleate 20 mg/1 g] | apply thinly OD–BID | 3–7 days
Betadine Ointment [Povidone Iodine 10 %] | clean/apply per product; dressing as needed | short course","Tier 2: allergy/itch/rhinitis → Fenafex 180 mg [Fexofenadine HCl 180 mg.] | 120–180 mg PO OD | 5–14 days
Tier 3: allergy/itch/rhinitis → Aerius tabslet [Desloratadine 5 mg.] | 10 mg PO OD | 5–14 days
Tier 2: localized impetigo/skin infection → Fucidin Cream [Fusidic acid 20 mg./1 g.] | apply thinly TID | 5 days
Tier 4: cellulitis/widespread impetigo → Dicloxilin-500 [Dicloxacillin 500 mg.] | disease-specific antibiotic dose | 5–7 days
Tier 5: fever/pain → Bakamol 500 mg bottle 100s [Paracetamol 500 mg.] | 500 mg 1 tab PO q6h PRN (max 3,000 mg/day routine) | 3–5 days
Tier 6: pain/inflammation/fever → S-Pro 600 [Ibuprofen 600 mg.] | 200–400 mg PO q6–8h PRN with food | 3–5 days",antibiotic_allowed_only_after_this_disease_gate,antibiotic indication gate,"Rapid spread, fever, necrosis, bite, deep burn/wound → in-person/ER",PASS,Generated from v5 runtime tables
TC_085,infected insect bite child,infected_insect_bite_peds,Likely: Pediatric infected insect bite | Alt: dangerous diagnosis if red flags,"Alerest [Cetirizine dihydrochloride 10 mg.] | 10 mg PO OD | 5–14 days
Antergan Cream [Hydrocortisone Acetate 5 mg+Mepyramine Maleate 20 mg/1 g] | apply thinly OD–BID | 3–7 days","Tier 3: allergy/itch/rhinitis → Aerius tabslet [Desloratadine 5 mg.] | 10 mg PO OD | 5–14 days
Tier 2: localized impetigo/skin infection → Fucidin Cream [Fusidic acid 20 mg./1 g.] | apply thinly TID | 5 days
Tier 5: fever/pain → Bakamol 500 mg bottle 100s [Paracetamol 500 mg.] | 500 mg 1 tab PO q6h PRN (max 3,000 mg/day routine) | 3–5 days
Tier 6: pain/inflammation/fever → S-Pro 600 [Ibuprofen 600 mg.] | 200–400 mg PO q6–8h PRN with food | 3–5 days",antibiotic_allowed_only_after_this_disease_gate,pediatric age/BW gate,"Rapid spread, fever, necrosis, bite, deep burn/wound → in-person/ER",PASS,Generated from v5 runtime tables
TC_086,infected wound oral antibiotic,infected_wound_oral_antibiotic_adult,Likely: Infected wound needing oral antibiotic | Alt: dangerous diagnosis if red flags,"Betadine Ointment [Povidone Iodine 10 %] | clean/apply per product; dressing as needed | short course
Fucidin Cream [Fusidic acid 20 mg./1 g.] | apply thinly TID | 5 days
Dicloxilin-500 [Dicloxacillin 500 mg.] | disease-specific antibiotic dose | 5–7 days","Tier 2: fever/pain → Bakamol 500 mg bottle 100s [Paracetamol 500 mg.] | 500 mg 1 tab PO q6h PRN (max 3,000 mg/day routine) | 3–5 days
Tier 3: pain/inflammation/fever → S-Pro 600 [Ibuprofen 600 mg.] | 200–400 mg PO q6–8h PRN with food | 3–5 days",antibiotic_allowed_only_after_this_disease_gate,antibiotic indication gate,"Rapid spread, fever, necrosis, bite, deep burn/wound → in-person/ER",PASS,Generated from v5 runtime tables
TC_088,insect bite,insect_bite_sting_local_reaction,Likely: Insect bite/sting local inflammatory or allergic reaction | Alt: dangerous diagnosis if red flags,"Alerest [Cetirizine dihydrochloride 10 mg.] | 10 mg PO OD | 5–14 days
Muscort Cream [Menthol 5.44%+Methyl Salicylate 10.12%+Eugenol 1.36%] | apply liberally BID–QID | ongoing
Antergan Cream [Hydrocortisone Acetate 5 mg+Mepyramine Maleate 20 mg/1 g] | apply thinly OD–BID | 3–7 days","Tier 2: allergy/itch/rhinitis → Fenafex 180 mg [Fexofenadine HCl 180 mg.] | 120–180 mg PO OD | 5–14 days
Tier 3: allergy/itch/rhinitis → Aerius tabslet [Desloratadine 5 mg.] | 10 mg PO OD | 5–14 days",do_not_show_antibiotic_unless_disease_gated,standard,"Rapid spread, fever, necrosis, bite, deep burn/wound → in-person/ER",PASS,Generated from v5 runtime tables
TC_089,insect bite child,insect_bite_peds,Likely: Pediatric insect bite reaction | Alt: dangerous diagnosis if red flags,"Alerest [Cetirizine dihydrochloride 10 mg.] | 10 mg PO OD | 5–14 days
Antergan Cream [Hydrocortisone Acetate 5 mg+Mepyramine Maleate 20 mg/1 g] | apply thinly OD–BID | 3–7 days",Tier 3: allergy/itch/rhinitis → Aerius tabslet [Desloratadine 5 mg.] | 10 mg PO OD | 5–14 days,do_not_show_antibiotic_unless_disease_gated,pediatric age/BW gate,"Rapid spread, fever, necrosis, bite, deep burn/wound → in-person/ER",PASS,Generated from v5 runtime tables
TC_090,insect bite swelling,insect_bite_swelling_adult,Likely: Insect bite with localized swelling | Alt: dangerous diagnosis if red flags,"Alerest [Cetirizine dihydrochloride 10 mg.] | 10 mg PO OD | 5–14 days
Muscort Cream [Menthol 5.44%+Methyl Salicylate 10.12%+Eugenol 1.36%] | apply liberally BID–QID | ongoing
Antergan Cream [Hydrocortisone Acetate 5 mg+Mepyramine Maleate 20 mg/1 g] | apply thinly OD–BID | 3–7 days","Tier 2: allergy/itch/rhinitis → Fenafex 180 mg [Fexofenadine HCl 180 mg.] | 120–180 mg PO OD | 5–14 days
Tier 3: allergy/itch/rhinitis → Aerius tabslet [Desloratadine 5 mg.] | 10 mg PO OD | 5–14 days",do_not_show_antibiotic_unless_disease_gated,standard,"Rapid spread, fever, necrosis, bite, deep burn/wound → in-person/ER",PASS,Generated from v5 runtime tables
TC_091,joint pain,inflammatory_pain_adult,Likely: Inflammatory pain / joint flare | Alt: dangerous diagnosis if red flags,"Bakamol 500 mg bottle 100s [Paracetamol 500 mg.] | 500 mg 1 tab PO q6h PRN (max 3,000 mg/day routine) | 3–5 days
Difelene Gel เล็ก [Diclofenac diethylammonium 1.16 g./100 g (eq. to Diclofenac Sodium 1.0 g)] | apply thinly to painful area TID–QID | 5–7 days","Tier 2: pain/inflammation/fever → S-Pro 600 [Ibuprofen 600 mg.] | 200–400 mg PO q6–8h PRN with food | 3–5 days
Tier 3: pain/inflammation/dysmenorrhea → Naprofazt [Naproxen (as Naproxen Sodium) 250 mg.] | 220–275 mg PO BID PRN with food | 3–5 days
Tier 4: pain/inflammation → Cataflam 50 mg [Diclofenac Potassium 50 mg] | 25–50 mg PO BID–TID with food | 3–5 days
Tier 5: inflammatory pain → Arcoxia 120 mg [Etoricoxib 120 mg.] | 60–90 mg PO OD with food | 3–5 days
Tier 6: inflammatory pain → Celebrex 200 mg [Celecoxib 200 mg.] | 200 mg PO OD or BID per indication | 3–5 days",do_not_show_antibiotic_unless_disease_gated,restricted-row safety gate,Red flags or diagnostic uncertainty → in-person evaluation,PASS,Generated from v5 runtime tables
TC_092,knee pain,knee_joint_pain_adult,Likely: Knee / localized joint pain | Alt: dangerous diagnosis if red flags,"Bakamol 500 mg bottle 100s [Paracetamol 500 mg.] | 500 mg 1 tab PO q6h PRN (max 3,000 mg/day routine) | 3–5 days
Difelene Gel เล็ก [Diclofenac diethylammonium 1.16 g./100 g (eq. to Diclofenac Sodium 1.0 g)] | apply thinly to painful area TID–QID | 5–7 days","Tier 2: pain/inflammation/fever → S-Pro 600 [Ibuprofen 600 mg.] | 200–400 mg PO q6–8h PRN with food | 3–5 days
Tier 3: pain/inflammation/dysmenorrhea → Naprofazt [Naproxen (as Naproxen Sodium) 250 mg.] | 220–275 mg PO BID PRN with food | 3–5 days
Tier 4: pain/inflammation → Cataflam 50 mg [Diclofenac Potassium 50 mg] | 25–50 mg PO BID–TID with food | 3–5 days
Tier 5: inflammatory pain → Arcoxia 120 mg [Etoricoxib 120 mg.] | 60–90 mg PO OD with food | 3–5 days
Tier 6: inflammatory pain → Celebrex 200 mg [Celecoxib 200 mg.] | 200 mg PO OD or BID per indication | 3–5 days",do_not_show_antibiotic_unless_disease_gated,restricted-row safety gate,Red flags or diagnostic uncertainty → in-person evaluation,PASS,Generated from v5 runtime tables
TC_093,laryngitis,laryngitis_irritation_adult,Likely: Laryngitis / voice irritation | Alt: dangerous diagnosis if red flags,"Bakamol 500 mg bottle 100s [Paracetamol 500 mg.] | 500 mg 1 tab PO q6h PRN (max 3,000 mg/day routine) | 3–5 days
Difflam รสน้ำผึ้งมะนาวผสมโพรโพลิส [2,4-Dichlorobenzyl alcohol 1.2 mg.+Amylmetacresol 0.6 mg.] | 1 lozenge slowly q2–3h PRN | 3–5 days
Difflam Forte Spray [Benzydamine Hydrochloride 3 mg.+Ethanol+Saccharin Sodium+Methyl Hydroxybenzoate+Glycerol+PEG-40 Hydrogenated castor oil/ml.] | spray to throat per product label | 3–5 days
LeoPovidone [Povidone-Iodine 10% w/v] | gargle/rinse per product label | 3–5 days",Tier 2: pain/inflammation/fever → S-Pro 600 [Ibuprofen 600 mg.] | 200–400 mg PO q6–8h PRN with food | 3–5 days,do_not_show_antibiotic_unless_disease_gated,standard,Red flags or diagnostic uncertainty → in-person evaluation,PASS,Generated from v5 runtime tables
TC_094,localized itchy rash,itchy_localized_rash_adult,Likely: Localized itchy rash NOS | Alt: dangerous diagnosis if red flags,"Alerest [Cetirizine dihydrochloride 10 mg.] | 10 mg PO OD | 5–14 days
Muscort Cream [Menthol 5.44%+Methyl Salicylate 10.12%+Eugenol 1.36%] | apply liberally BID–QID | ongoing
Antergan Cream [Hydrocortisone Acetate 5 mg+Mepyramine Maleate 20 mg/1 g] | apply thinly OD–BID | 3–7 days
Fenistil Gel [Dimethindene maleate 1 mg.] | apply thinly PRN | 3–5 days","Tier 2: allergy/itch/rhinitis → Fenafex 180 mg [Fexofenadine HCl 180 mg.] | 120–180 mg PO OD | 5–14 days
Tier 3: allergy/itch/rhinitis → Aerius tabslet [Desloratadine 5 mg.] | 10 mg PO OD | 5–14 days",do_not_show_antibiotic_unless_disease_gated,standard,"Rapid spread, fever, necrosis, bite, deep burn/wound → in-person/ER",PASS,Generated from v5 runtime tables
TC_095,localized muscle ache,localized_muscle_ache_support_adult,Likely: Localized muscle ache support | Alt: dangerous diagnosis if red flags,"Bakamol 500 mg bottle 100s [Paracetamol 500 mg.] | 500 mg 1 tab PO q6h PRN (max 3,000 mg/day routine) | 3–5 days
Difelene Gel เล็ก [Diclofenac diethylammonium 1.16 g./100 g (eq. to Diclofenac Sodium 1.0 g)] | apply thinly to painful area TID–QID | 5–7 days
Perskindol Classic Gel [Menthol 1.5%+Pine Needle Oil 1.35%+Wintergreen Oil 0.35%+Orange Oil 0.4%] | apply thinly 2–4 times/day PRN | 3–7 days
Fastum Gel [Ketoprofen 2.5%] | apply thinly to affected area per label | 3–7 days","Tier 2: pain/inflammation/fever → S-Pro 600 [Ibuprofen 600 mg.] | 200–400 mg PO q6–8h PRN with food | 3–5 days
Tier 3: pain/inflammation/dysmenorrhea → Naprofazt [Naproxen (as Naproxen Sodium) 250 mg.] | 220–275 mg PO BID PRN with food | 3–5 days
Tier 4: pain/inflammation → Cataflam 50 mg [Diclofenac Potassium 50 mg] | 25–50 mg PO BID–TID with food | 3–5 days
Tier 5: inflammatory pain → Arcoxia 120 mg [Etoricoxib 120 mg.] | 60–90 mg PO OD with food | 3–5 days
Tier 6: inflammatory pain → Celebrex 200 mg [Celecoxib 200 mg.] | 200 mg PO OD or BID per indication | 3–5 days
Tier 7: muscle spasm → Biocalm [Tolperisone 50 mg.] | use product-specific adult dose; short course | 3–5 days",do_not_show_antibiotic_unless_disease_gated,standard,Red flags or diagnostic uncertainty → in-person evaluation,PASS,Generated from v5 runtime tables
TC_096,localized pruritus,pruritus_localized_adult,Likely: Localized pruritus | Alt: dangerous diagnosis if red flags,"Bakamol 500 mg bottle 100s [Paracetamol 500 mg.] | 500 mg 1 tab PO q6h PRN (max 3,000 mg/day routine) | 3–5 days
Klean & Kare Saline (ANB) [Sodium Chloride 0.9 g./100 ml.] | spray/rinse each nostril PRN | as needed
Difflam รสน้ำผึ้งมะนาวผสมโพรโพลิส [2,4-Dichlorobenzyl alcohol 1.2 mg.+Amylmetacresol 0.6 mg.] | 1 lozenge slowly q2–3h PRN | 3–5 days
Difflam Forte Spray [Benzydamine Hydrochloride 3 mg.+Ethanol+Saccharin Sodium+Methyl Hydroxybenzoate+Glycerol+PEG-40 Hydrogenated castor oil/ml.] | spray to throat per product label | 3–5 days
LeoPovidone [Povidone-Iodine 10% w/v] | gargle/rinse per product label | 3–5 days
Muscort Cream [Menthol 5.44%+Methyl Salicylate 10.12%+Eugenol 1.36%] | apply liberally BID–QID | ongoing","Tier 2: sputum/wet cough → Cystaline [Acetylcysteine 600 mg.] | 600 mg PO OD or divided dose | 3–5 days
Tier 3: sputum/wet cough → Mucolid [Ambroxol HCl 30 mg.] | 30 mg PO TID or product-specific syrup dose | 3–5 days
Tier 4: sputum/wet cough → Bisolvon [Bromhexine HCl 8 mg.] | 8 mg PO TID or product-specific syrup dose | 3–5 days
Tier 5: sputum/wet cough → Bocytin Capsule [Carbocysteine 375 mg.] | adult product-specific dose PO TID | 3–5 days
Tier 6: dry cough → Icolid (ควบคุมจำนวน) [Dextromethorphan HBr 15 mg.] | product-specific adult dose PRN | 3–5 days
Tier 7: allergy/itch/rhinitis → Alerest [Cetirizine dihydrochloride 10 mg.] | 10 mg PO OD | 5–14 days",do_not_show_antibiotic_unless_disease_gated,restricted-row safety gate,"Dyspnea, SpO2 low, chest pain, persistent fever/toxic → eval",PASS,Generated from v5 runtime tables
TC_098,low back pain,low_back_pain_simple_adult,Likely: Simple low back pain | Alt: dangerous diagnosis if red flags,"Bakamol 500 mg bottle 100s [Paracetamol 500 mg.] | 500 mg 1 tab PO q6h PRN (max 3,000 mg/day routine) | 3–5 days
Difelene Gel เล็ก [Diclofenac diethylammonium 1.16 g./100 g (eq. to Diclofenac Sodium 1.0 g)] | apply thinly to painful area TID–QID | 5–7 days","Tier 2: pain/inflammation/fever → S-Pro 600 [Ibuprofen 600 mg.] | 200–400 mg PO q6–8h PRN with food | 3–5 days
Tier 3: pain/inflammation/dysmenorrhea → Naprofazt [Naproxen (as Naproxen Sodium) 250 mg.] | 220–275 mg PO BID PRN with food | 3–5 days
Tier 4: pain/inflammation → Cataflam 50 mg [Diclofenac Potassium 50 mg] | 25–50 mg PO BID–TID with food | 3–5 days
Tier 5: inflammatory pain → Arcoxia 120 mg [Etoricoxib 120 mg.] | 60–90 mg PO OD with food | 3–5 days
Tier 6: inflammatory pain → Celebrex 200 mg [Celecoxib 200 mg.] | 200 mg PO OD or BID per indication | 3–5 days
Tier 7: muscle spasm → Biocalm [Tolperisone 50 mg.] | use product-specific adult dose; short course | 3–5 days",do_not_show_antibiotic_unless_disease_gated,restricted-row safety gate,Red flags or diagnostic uncertainty → in-person evaluation,PASS,Generated from v5 runtime tables
TC_099,metformin,type2_diabetes_metformin_candidate,Likely: Type 2 diabetes: metformin candidate | Alt: dangerous diagnosis if red flags,,,do_not_show_antibiotic_unless_disease_gated,restricted-row safety gate,Red flags or diagnostic uncertainty → in-person evaluation,PASS,Generated from v5 runtime tables
TC_100,migraine,migraine_adult,Likely: Migraine | Alt: dangerous diagnosis if red flags,"Bakamol 500 mg bottle 100s [Paracetamol 500 mg.] | 500 mg 1 tab PO q6h PRN (max 3,000 mg/day routine) | 3–5 days","Tier 2: pain/inflammation/fever → S-Pro 600 [Ibuprofen 600 mg.] | 200–400 mg PO q6–8h PRN with food | 3–5 days
Tier 3: pain/inflammation/dysmenorrhea → Naprofazt [Naproxen (as Naproxen Sodium) 250 mg.] | 220–275 mg PO BID PRN with food | 3–5 days
Tier 4: pain/inflammation → Cataflam 50 mg [Diclofenac Potassium 50 mg] | 25–50 mg PO BID–TID with food | 3–5 days
Tier 5: inflammatory pain → Arcoxia 120 mg [Etoricoxib 120 mg.] | 60–90 mg PO OD with food | 3–5 days
Tier 6: inflammatory pain → Celebrex 200 mg [Celecoxib 200 mg.] | 200 mg PO OD or BID per indication | 3–5 days
Tier 7: acute migraine → Relpax 40 mg [Eletriptan 40 mg.] | product-specific dose at onset; max per label | single attack",do_not_show_antibiotic_unless_disease_gated,restricted-row safety gate,"Thunderclap, neuro deficit, meningism, new severe headache → ER",PASS,Generated from v5 runtime tables
TC_101,child allergic rhinitis,allergic_rhinitis_peds,Likely: Pediatric allergic rhinitis | Alt: dangerous diagnosis if red flags,Alerest [Cetirizine dihydrochloride 10 mg.] | 10 mg PO OD | 5–14 days,"Tier 3: allergy/itch/rhinitis → Aerius tabslet [Desloratadine 5 mg.] | 10 mg PO OD | 5–14 days
Tier 2: nasal irrigation/dryness → Klean & Kare Saline (ANB) [Sodium Chloride 0.9 g./100 ml.] | spray/rinse each nostril PRN | as needed",no_antibiotic_default,pediatric age/BW gate,Red flags or diagnostic uncertainty → in-person evaluation,PASS,Generated from v5 runtime tables
TC_102,post uri cough child,post_uri_cough_peds,Likely: Pediatric post-URI cough support | Alt: dangerous diagnosis if red flags,"Bakamol 500 mg bottle 100s [Paracetamol 500 mg.] | 500 mg 1 tab PO q6h PRN (max 3,000 mg/day routine) | 3–5 days
Klean & Kare Saline (ANB) [Sodium Chloride 0.9 g./100 ml.] | spray/rinse each nostril PRN | as needed",Tier 7: allergy/itch/rhinitis → Alerest [Cetirizine dihydrochloride 10 mg.] | 10 mg PO OD | 5–14 days,do_not_show_antibiotic_unless_disease_gated,pediatric age/BW gate,"Dyspnea, SpO2 low, chest pain, persistent fever/toxic → eval",PASS,Generated from v5 runtime tables
TC_103,acute cough,acute_cough_no_abx,Likely: Acute cough / acute bronchitis no antibiotic | Alt: dangerous diagnosis if red flags,"Bakamol 500 mg bottle 100s [Paracetamol 500 mg.] | 500 mg 1 tab PO q6h PRN (max 3,000 mg/day routine) | 3–5 days
Klean & Kare Saline (ANB) [Sodium Chloride 0.9 g./100 ml.] | spray/rinse each nostril PRN | as needed
Difflam รสน้ำผึ้งมะนาวผสมโพรโพลิส [2,4-Dichlorobenzyl alcohol 1.2 mg.+Amylmetacresol 0.6 mg.] | 1 lozenge slowly q2–3h PRN | 3–5 days
Difflam Forte Spray [Benzydamine Hydrochloride 3 mg.+Ethanol+Saccharin Sodium+Methyl Hydroxybenzoate+Glycerol+PEG-40 Hydrogenated castor oil/ml.] | spray to throat per product label | 3–5 days
LeoPovidone [Povidone-Iodine 10% w/v] | gargle/rinse per product label | 3–5 days","Tier 2: sputum/wet cough → Cystaline [Acetylcysteine 600 mg.] | 600 mg PO OD or divided dose | 3–5 days
Tier 3: sputum/wet cough → Mucolid [Ambroxol HCl 30 mg.] | 30 mg PO TID or product-specific syrup dose | 3–5 days
Tier 4: sputum/wet cough → Bisolvon [Bromhexine HCl 8 mg.] | 8 mg PO TID or product-specific syrup dose | 3–5 days
Tier 5: sputum/wet cough → Bocytin Capsule [Carbocysteine 375 mg.] | adult product-specific dose PO TID | 3–5 days
Tier 6: dry cough → Icolid (ควบคุมจำนวน) [Dextromethorphan HBr 15 mg.] | product-specific adult dose PRN | 3–5 days
Tier 7: allergy/itch/rhinitis → Alerest [Cetirizine dihydrochloride 10 mg.] | 10 mg PO OD | 5–14 days",do_not_show_antibiotic_unless_disease_gated,standard,"Dyspnea, SpO2 low, chest pain, persistent fever/toxic → eval",PASS,Generated from v5 runtime tables
TC_104,sore throat,acute_sore_throat_no_abx,Likely: Acute sore throat no antibiotic | Alt: dangerous diagnosis if red flags,"Bakamol 500 mg bottle 100s [Paracetamol 500 mg.] | 500 mg 1 tab PO q6h PRN (max 3,000 mg/day routine) | 3–5 days
Difflam รสน้ำผึ้งมะนาวผสมโพรโพลิส [2,4-Dichlorobenzyl alcohol 1.2 mg.+Amylmetacresol 0.6 mg.] | 1 lozenge slowly q2–3h PRN | 3–5 days
Difflam Forte Spray [Benzydamine Hydrochloride 3 mg.+Ethanol+Saccharin Sodium+Methyl Hydroxybenzoate+Glycerol+PEG-40 Hydrogenated castor oil/ml.] | spray to throat per product label | 3–5 days
LeoPovidone [Povidone-Iodine 10% w/v] | gargle/rinse per product label | 3–5 days",Tier 2: pain/inflammation/fever → S-Pro 600 [Ibuprofen 600 mg.] | 200–400 mg PO q6–8h PRN with food | 3–5 days,do_not_show_antibiotic_unless_disease_gated,standard,Red flags or diagnostic uncertainty → in-person evaluation,PASS,Generated from v5 runtime tables
TC_105,rehydration diarrhea child,acute_watery_diarrhea_peds_rehydration,Likely: Pediatric watery diarrhea rehydration support | Alt: dangerous diagnosis if red flags,"Cera ORS รสส้ม [Glucose Anhydrous 3 g.+Sodium Chloride 0.53 g.+Potassium Chloride 0.23 g.+Sodium Citrate Dihydrate 0.44 g.] | sip frequently; replace stool/vomit losses | until hydrated
Bioflor [Lyophilized Saccharomyces boulardii 250 mg.] | product-specific dose PO BID | 3–5 days
Dehecta [Dioctahedral Smectite 3 g./20 ml.] | sachet PO per product schedule | 1–3 days
Bakamol 500 mg bottle 100s [Paracetamol 500 mg.] | 500 mg 1 tab PO q6h PRN (max 3,000 mg/day routine) | 3–5 days",Tier 2: acute watery diarrhea → Hidrasec 100 mg. [Racecadotril 100 mg.] | adult/child product dose TID short course | 1–3 days,no_antibiotic_default,pediatric age/BW gate,"Severe dehydration, blood/mucus stool, high fever, severe abdominal pain → eval",PASS,Generated from v5 runtime tables
TC_106,screen related dry eye,screen_related_dry_eye_adult,Likely: Screen-related dry eye | Alt: dangerous diagnosis if red flags,Systane Ultra (UD) Lubricant Eye Drops [Polyethylene Glycol 400 0.4%+Propylene Glycol 0.3%+Aminomethylpropanol+Boric Acid+Hydroxypropyl Guar+Potassium Chloride+Sodium Chloride+Sorbitol+Hydrochloric Acid+Sodium Hydroxide/1 ml.] | 1–2 drops affected eye PRN | as needed,,no_antibiotic_default,standard,"Eye pain, photophobia, vision loss, contact lens corneal concern → urgent eye eval",PASS,Generated from v5 runtime tables
TC_107,tinea corporis,tinea_corporis_localized_adult,Likely: Localized tinea corporis / fungal rash | Alt: dangerous diagnosis if red flags,Candix Solution [Clotrimazole 1 g./100 ml.] | apply thinly BID | 2–4 weeks,Tier 2: tinea corporis/cruris/pedis → Lamisil Cream [Terbinafine HCl 10 mg./1 g.] | apply thinly OD–BID | 1–2 weeks,do_not_show_antibiotic_unless_disease_gated,restricted-row safety gate,"Rapid spread, fever, necrosis, bite, deep burn/wound → in-person/ER",PASS,Generated from v5 runtime tables
TC_109,tension headache,tension_headache_adult,Likely: Tension-type headache | Alt: dangerous diagnosis if red flags,"Bakamol 500 mg bottle 100s [Paracetamol 500 mg.] | 500 mg 1 tab PO q6h PRN (max 3,000 mg/day routine) | 3–5 days","Tier 2: pain/inflammation/fever → S-Pro 600 [Ibuprofen 600 mg.] | 200–400 mg PO q6–8h PRN with food | 3–5 days
Tier 3: pain/inflammation/dysmenorrhea → Naprofazt [Naproxen (as Naproxen Sodium) 250 mg.] | 220–275 mg PO BID PRN with food | 3–5 days
Tier 4: pain/inflammation → Cataflam 50 mg [Diclofenac Potassium 50 mg] | 25–50 mg PO BID–TID with food | 3–5 days
Tier 5: inflammatory pain → Arcoxia 120 mg [Etoricoxib 120 mg.] | 60–90 mg PO OD with food | 3–5 days
Tier 6: inflammatory pain → Celebrex 200 mg [Celecoxib 200 mg.] | 200 mg PO OD or BID per indication | 3–5 days",do_not_show_antibiotic_unless_disease_gated,standard,"Thunderclap, neuro deficit, meningism, new severe headache → ER",PASS,Generated from v5 runtime tables
V5_TC_010,uncomplicated uti,uncomplicated_uti_adult,Likely: Uncomplicated cystitis / lower UTI | Alt: dangerous diagnosis if red flags,"Noflox-400 [Norfloxacin 400 mg.] | 400 mg PO BID; use only when UTI gate passes/local policy supports | 3 days
Bakamol 500 mg bottle 100s [Paracetamol 500 mg.] | 500 mg 1 tab PO q6h PRN pain/fever | 1–3 days","Tier 2: fever/pain → Bakamol 500 mg bottle 100s [Paracetamol 500 mg.] | 500 mg 1 tab PO q6h PRN (max 3,000 mg/day routine) | 3–5 days
Tier 3: pain/inflammation/fever → S-Pro 600 [Ibuprofen 600 mg.] | 200–400 mg PO q6–8h PRN with food | 3–5 days
Tier 2: pain/fever without NSAID suitability → Bakamol 500 mg bottle 100s [Paracetamol 500 mg.] | 500 mg 1 tab PO q6h PRN | 1–3 days",antibiotic_only_if_uti_gate_passes,UTI complication gate,Red flags or diagnostic uncertainty → in-person evaluation,PASS,Generated from v5 runtime tables
TC_111,constipation,constipation_adult_rescue,Likely: Constipation rescue / short-course laxative support | Alt: dangerous diagnosis if red flags,,Tier 2: constipation rescue/short course → Senokot [Sennoside 7.5 mg.] | adult: 1–2 tabs HS PRN; use product strength | 1–3 nights,do_not_show_antibiotic_unless_disease_gated,restricted-row safety gate,Red flags or diagnostic uncertainty → in-person evaluation,PASS,Generated from v5 runtime tables
TC_112,uri with rash,uri_rash_adult,Likely: Acute viral URI with viral/allergic rash | Alt: dangerous diagnosis if red flags,"Bakamol 500 mg bottle 100s [Paracetamol 500 mg.] | 500 mg 1 tab PO q6h PRN (max 3,000 mg/day routine) | 3–5 days
Klean & Kare Saline (ANB) [Sodium Chloride 0.9 g./100 ml.] | spray/rinse each nostril PRN | as needed
Difflam รสน้ำผึ้งมะนาวผสมโพรโพลิส [2,4-Dichlorobenzyl alcohol 1.2 mg.+Amylmetacresol 0.6 mg.] | 1 lozenge slowly q2–3h PRN | 3–5 days
Difflam Forte Spray [Benzydamine Hydrochloride 3 mg.+Ethanol+Saccharin Sodium+Methyl Hydroxybenzoate+Glycerol+PEG-40 Hydrogenated castor oil/ml.] | spray to throat per product label | 3–5 days
LeoPovidone [Povidone-Iodine 10% w/v] | gargle/rinse per product label | 3–5 days
Muscort Cream [Menthol 5.44%+Methyl Salicylate 10.12%+Eugenol 1.36%] | apply liberally BID–QID | ongoing","Tier 2: sputum/wet cough → Cystaline [Acetylcysteine 600 mg.] | 600 mg PO OD or divided dose | 3–5 days
Tier 3: sputum/wet cough → Mucolid [Ambroxol HCl 30 mg.] | 30 mg PO TID or product-specific syrup dose | 3–5 days
Tier 4: sputum/wet cough → Bisolvon [Bromhexine HCl 8 mg.] | 8 mg PO TID or product-specific syrup dose | 3–5 days
Tier 5: sputum/wet cough → Bocytin Capsule [Carbocysteine 375 mg.] | adult product-specific dose PO TID | 3–5 days
Tier 6: dry cough → Icolid (ควบคุมจำนวน) [Dextromethorphan HBr 15 mg.] | product-specific adult dose PRN | 3–5 days
Tier 7: allergy/itch/rhinitis → Alerest [Cetirizine dihydrochloride 10 mg.] | 10 mg PO OD | 5–14 days",do_not_show_antibiotic_unless_disease_gated,standard,"Dyspnea, SpO2 low, chest pain, persistent fever/toxic → eval",PASS,Generated from v5 runtime tables
TC_113,herpes labialis,herpes_labialis_adult,Likely: Herpes labialis / cold sore | Alt: dangerous diagnosis if red flags,"Bakamol 500 mg bottle 100s [Paracetamol 500 mg.] | 500 mg 1 tab PO q6h PRN (max 3,000 mg/day routine) | 3–5 days
Difflam รสน้ำผึ้งมะนาวผสมโพรโพลิส [2,4-Dichlorobenzyl alcohol 1.2 mg.+Amylmetacresol 0.6 mg.] | 1 lozenge slowly q2–3h PRN | 3–5 days
Difflam Forte Spray [Benzydamine Hydrochloride 3 mg.+Ethanol+Saccharin Sodium+Methyl Hydroxybenzoate+Glycerol+PEG-40 Hydrogenated castor oil/ml.] | spray to throat per product label | 3–5 days
LeoPovidone [Povidone-Iodine 10% w/v] | gargle/rinse per product label | 3–5 days
Acevax Cream [Acyclovir 5 g./100 g.] | apply per label | 4–5 days","Tier 2: pain/inflammation/fever → S-Pro 600 [Ibuprofen 600 mg.] | 200–400 mg PO q6–8h PRN with food | 3–5 days
Tier 3: herpes zoster/herpes simplex → Acyvir 400 mg [Acyclovir 400 mg.] | zoster: 800 mg PO 5x/day | 7–10 days",do_not_show_antibiotic_unless_disease_gated,standard,Red flags or diagnostic uncertainty → in-person evaluation,PASS,Generated from v5 runtime tables
V5_TC_001,uri with wet cough,viral_uri_wet_cough_adult,Likely: Viral URI with wet cough/post-nasal drip | Alt: dangerous diagnosis if red flags,"Bakamol 500 mg bottle 100s [Paracetamol 500 mg.] | 500 mg 1 tab PO q6h PRN fever/pain | 3 days PRN
Nac Long [Acetylcysteine 600 mg.] | 600 mg PO OD after meal | 3–5 days
Klean & Kare Saline (ANB) [Sodium Chloride 0.9 g./100 ml.] | spray/rinse each nostril PRN | 3–7 days","Tier 2: sore throat prominent → Difflam รสน้ำผึ้งมะนาวผสมโพรโพลิส [2,4-Dichlorobenzyl alcohol 1.2 mg.+Amylmetacresol 0.6 mg.] | 1 lozenge slowly q2–3h PRN | 3–5 days
Tier 2: sore throat prominent → Difflam Forte Spray [Benzydamine Hydrochloride 3 mg.+Ethanol+Saccharin Sodium+Methyl Hydroxybenzoate+Glycerol+PEG-40 Hydrogenated castor oil/ml.] | spray to throat per product label | 3–5 days
Tier 2: sputum but NAC unavailable → Mucolid [Ambroxol HCl 30 mg.] | 30 mg PO TID | 3–5 days",no_antibiotic_default,URI red flags,Red flags or diagnostic uncertainty → in-person evaluation,PASS,Generated from v5 runtime tables
V5_TC_002,cough sore throat sputum nasal discharge,viral_uri_wet_cough_adult,Likely: Viral URI with wet cough/post-nasal drip | Alt: dangerous diagnosis if red flags,"Bakamol 500 mg bottle 100s [Paracetamol 500 mg.] | 500 mg 1 tab PO q6h PRN fever/pain | 3 days PRN
Nac Long [Acetylcysteine 600 mg.] | 600 mg PO OD after meal | 3–5 days
Klean & Kare Saline (ANB) [Sodium Chloride 0.9 g./100 ml.] | spray/rinse each nostril PRN | 3–7 days","Tier 2: sore throat prominent → Difflam รสน้ำผึ้งมะนาวผสมโพรโพลิส [2,4-Dichlorobenzyl alcohol 1.2 mg.+Amylmetacresol 0.6 mg.] | 1 lozenge slowly q2–3h PRN | 3–5 days
Tier 2: sore throat prominent → Difflam Forte Spray [Benzydamine Hydrochloride 3 mg.+Ethanol+Saccharin Sodium+Methyl Hydroxybenzoate+Glycerol+PEG-40 Hydrogenated castor oil/ml.] | spray to throat per product label | 3–5 days
Tier 2: sputum but NAC unavailable → Mucolid [Ambroxol HCl 30 mg.] | 30 mg PO TID | 3–5 days",no_antibiotic_default,URI red flags,Red flags or diagnostic uncertainty → in-person evaluation,PASS,Generated from v5 runtime tables
V5_TC_003,uri with diarrhea,viral_uri_with_diarrhea_adult,Likely: Viral URI with mild gastroenteritis symptoms | Alt: dangerous diagnosis if red flags,"Cera ORS รสส้ม [Glucose Anhydrous 3 g.+Sodium Chloride 0.53 g.+Potassium Chloride 0.23 g.+Sodium Citrate Dihydrate 0.44 g.] | sip frequently; replace stool/vomit losses | until hydrated
Bioflor [Lyophilized Saccharomyces boulardii 250 mg.] | 250 mg PO BID | 3 days
Bakamol 500 mg bottle 100s [Paracetamol 500 mg.] | 500 mg 1 tab PO q6h PRN fever/body ache | 3 days PRN","Tier 2: watery stool; no fever/blood → Dehecta [Dioctahedral Smectite 3 g./20 ml.] | 1 sachet PO TID or per label | 1–3 days
Tier 3: short-course anti-secretory if available → Hidrasec 100 mg. [Racecadotril 100 mg.] | 100 mg PO TID before meals | 1–3 days",no_antibiotic_default,dehydration/red stool gate,Red flags or diagnostic uncertainty → in-person evaluation,PASS,Generated from v5 runtime tables
V5_TC_007,tinea cruris,tinea_cruris_adult,Likely: Tinea cruris / groin fungal rash | Alt: dangerous diagnosis if red flags,"Candix Solution [Clotrimazole 1 g./100 ml.] | apply thinly BID | 2–4 weeks
Canesten Cream 10 g [Clotrimazole 1 g./100 g.] | apply thinly BID to rash and 1–2 cm beyond | 2–4 weeks
Lamisil Cream [Terbinafine HCl 10 mg./1 g.] | apply thinly OD–BID | 1–2 weeks","Tier 2: tinea corporis/cruris/pedis → Lamisil Cream [Terbinafine HCl 10 mg./1 g.] | apply thinly OD–BID | 1–2 weeks
Tier 2: azole unavailable or faster course desired → Lamisil Cream [Terbinafine HCl 10 mg./1 g.] | apply thinly OD–BID | 1–2 weeks",no_antibiotic_default,avoid steroid combo,Red flags or diagnostic uncertainty → in-person evaluation,PASS,Generated from v5 runtime tables
V5_TC_009,dysmenorrhea,primary_dysmenorrhea_adult,Likely: Primary dysmenorrhea | Alt: dangerous diagnosis if red flags,Gofen 400 [Ibuprofen 400 mg.+Polyethylene 400+Porpylene Glycol] | 400 mg PO q8h PRN with food | 1–3 days,"Tier 2: NSAID alternative → Naprofazt [Naproxen (as Naproxen Sodium) 250 mg.] | 220–275 mg PO BID PRN with food | 1–3 days
Tier 3: mild pain or NSAID not suitable → Bakamol 500 mg bottle 100s [Paracetamol 500 mg.] | 500 mg 1 tab PO q6h PRN | 1–3 days",no_antibiotic_default,pregnancy/secondary dysmenorrhea gate,Red flags or diagnostic uncertainty → in-person evaluation,PASS,Generated from v5 runtime tables
V5_TC_011,impetigo localized,impetigo_localized_adult,Likely: Localized impetigo / small bacterial skin infection | Alt: dangerous diagnosis if red flags,"Betadine Ointment [Povidone Iodine 10 %] | clean/apply per product; dressing as needed | short course
Fucidin Cream [Fusidic acid 20 mg./1 g.] | apply thinly TID | 5 days
Dicloxilin-500 [Dicloxacillin 500 mg.] | disease-specific antibiotic dose | 5–7 days
Fucidin Cream [Fusidic acid 20 mg./1 g.] | apply thinly TID | 5 days","Tier 2: fever/pain → Bakamol 500 mg bottle 100s [Paracetamol 500 mg.] | 500 mg 1 tab PO q6h PRN (max 3,000 mg/day routine) | 3–5 days
Tier 3: pain/inflammation/fever → S-Pro 600 [Ibuprofen 600 mg.] | 200–400 mg PO q6–8h PRN with food | 3–5 days
Tier 2: fusidic acid unavailable → Mulacin Ointment [Mupirocin 2% w/w] | apply thinly TID | 5 days",topical_antibiotic_only_if_gate,skin infection gate,Red flags or diagnostic uncertainty → in-person evaluation,PASS,Generated from v5 runtime tables
V5_TC_012,diarrhea 5 yr bw 20 kg,acute_watery_diarrhea_peds,Likely: Acute watery diarrhea (pediatric starter row) | Alt: dangerous diagnosis if red flags,"Cera ORS รสส้ม [Glucose Anhydrous 3 g.+Sodium Chloride 0.53 g.+Potassium Chloride 0.23 g.+Sodium Citrate Dihydrate 0.44 g.] | sip frequently; replace stool/vomit losses | until hydrated
Bioflor [Lyophilized Saccharomyces boulardii 250 mg.] | product-specific dose PO BID | 3–5 days
Dehecta [Dioctahedral Smectite 3 g./20 ml.] | sachet PO per product schedule | 1–3 days
Bakamol 500 mg bottle 100s [Paracetamol 500 mg.] | 500 mg 1 tab PO q6h PRN (max 3,000 mg/day routine) | 3–5 days",Tier 2: acute watery diarrhea → Hidrasec 100 mg. [Racecadotril 100 mg.] | adult/child product dose TID short course | 1–3 days,no_antibiotic_default,pediatric dehydration gate,Red flags or diagnostic uncertainty → in-person evaluation,PASS,Generated from v5 runtime tables
